feature,selected_percent,min_99_coef,coef_mean,max_99_coef
AATSC0i,0.8787878787878788,-0.3775249823333914,-0.293696595225104,-0.2098682081168166
SHBint6,0.7878787878787878,0.16037842375831124,0.22777486781816092,0.2951713118780106
ATSC3s,0.7878787878787878,0.19548859871483393,0.2795511909273378,0.3636137831398417
ATSC2c,0.7878787878787878,0.08129844598033764,0.14190513311756414,0.20251182025479064
mindssC,0.7575757575757576,-0.318719351147564,-0.2487420081165987,-0.1787646650856334
ATSC6c,0.7575757575757576,-0.25071393853121493,-0.18137329923969459,-0.11203265994817425
BIC1,0.7272727272727273,0.0861428684596442,0.13747680053140912,0.18881073260317405
VE2_Dzs*minsBr,0.696969696969697,-0.1142235093796708,-0.07891144907754417,-0.043599388775417545
VE2_Dzs*maxsBr,0.696969696969697,-0.11509356953239984,-0.08472673829009185,-0.05435990704778386
ATSC8s,0.6666666666666666,-0.18908169386027301,-0.13543569810392933,-0.08178970234758565
GATS6e*maxHBint10,0.6060606060606061,0.058212687030954065,0.09631332533541458,0.1344139636398751
ATSC6e,0.6060606060606061,-0.16302691863369123,-0.11287283167229605,-0.06271874471090087
topoShape,0.5757575757575758,0.0678869147642829,0.12314593326313562,0.17840495176198834
MATS4m*maxHBint10,0.5757575757575758,0.055454977217296565,0.10422816565514778,0.153001354092999
ATSC2c*Mpe,0.5757575757575758,0.037458854129218365,0.06903543036586508,0.1006120066025118
AATSC2c*LipoaffinityIndex,0.5757575757575758,0.05785751824924444,0.11567086031465011,0.1734842023800558
SIC1,0.5454545454545454,0.036299203365787416,0.08106444130445313,0.12582967924311883
ATSC2c*Mse,0.5454545454545454,0.03392150805667782,0.06604063200504295,0.09815975595340809
minHCsats*maxHCsats,0.5151515151515151,0.03953739882288893,0.07632151078961102,0.11310562275633312
AATSC6m,0.5151515151515151,-0.09019106501524404,-0.052206426432201386,-0.014221787849158736
minHBint4,0.5151515151515151,-0.08682948089422582,-0.055063870255401916,-0.02329825961657802
MATS4e,0.5151515151515151,-0.11060174816510734,-0.0709104182821101,-0.031219088399112853
AATSC6p,0.5151515151515151,-0.06968636812163762,-0.042561053800750405,-0.015435739479863202
MATS4e*ETA_AlphaP,0.5151515151515151,-0.1073512075829062,-0.0707020467000938,-0.03405288581728142
AATSC2c,0.5151515151515151,0.007683654246824885,0.027242951397748398,0.04680224854867191
AATS1e*ATSC2c,0.48484848484848486,0.026085684381947596,0.05781713146874798,0.08954857855554836
maxHCsats,0.48484848484848486,0.030974427406805317,0.07759961800297928,0.12422480859915325
GATS2e,0.48484848484848486,0.029960515256332226,0.0917856861957366,0.15361085713514097
AATSC2i,0.48484848484848486,-0.14562218090350085,-0.09548921360979935,-0.045356246316097866
maxHBint10,0.48484848484848486,0.023026074973363266,0.05106894320545699,0.07911181143755072
JGI4,0.48484848484848486,-0.13785785472435036,-0.08709032538091797,-0.0363227960374856
AATSC1c*GATS3i,0.48484848484848486,-0.0881583972015242,-0.05574126659246955,-0.0233241359834149
ETA_dEpsilon_A,0.45454545454545453,-0.08419524006863101,-0.0486530766334648,-0.013110913198298588
VE3_Dzs,0.45454545454545453,0.04065042684184519,0.0860059262139991,0.13136142558615302
VE1_Dt,0.45454545454545453,0.015357803154200593,0.07130252030276517,0.12724723745132974
PetitjeanNumber,0.45454545454545453,0.035031539474113395,0.07893487038895326,0.12283820130379314
ATSC8i,0.45454545454545453,0.04629109922632374,0.0998955325239103,0.15349996582149686
GATS1c*ETA_dEpsilon_A,0.42424242424242425,-0.09945427048880978,-0.059459048149220525,-0.01946382580963127
ATSC0m,0.42424242424242425,0.01414667417581094,0.05367610198584364,0.09320552979587635
ATSC4v*mindO,0.42424242424242425,0.027239334846034455,0.05975695015049506,0.09227456545495566
AATS3s,0.42424242424242425,0.005172775008731069,0.05406807510160443,0.10296337519447779
MATS2c,0.42424242424242425,0.009960110977961338,0.052418680052257444,0.09487724912655354
MATS3p*GATS6i,0.42424242424242425,0.03393183501247509,0.0765376677525725,0.11914350049266989
ATSC4v*maxdO,0.3939393939393939,0.023646082163270257,0.05611259687657472,0.08857911158987919
AATSC8s,0.3939393939393939,-0.1388375307469912,-0.08671573107443882,-0.03459393140188643
ATSC2i,0.3939393939393939,-0.11915459839925724,-0.07178130346768809,-0.024408008536118943
MATS2c*Mpe,0.3939393939393939,0.008033914096676382,0.03922473795886769,0.070415561821059
GATS4v*ETA_dEpsilon_A,0.3939393939393939,-0.07868562256755915,-0.04190782078208478,-0.005130018996610405
GATS8v,0.3939393939393939,0.008452927132873628,0.04040600065966413,0.07235907418645464
MATS1c*JGI4,0.3939393939393939,0.01610376637656856,0.056322618809910144,0.09654147124325173
minHCsats,0.3939393939393939,0.014034915746980216,0.05898313440172024,0.10393135305646026
AATSC0c*MATS2c,0.3939393939393939,0.005911760474003602,0.022075136366213752,0.0382385122584239
GATS4v*JGI4,0.36363636363636365,-0.05580331089179469,-0.033730744493785644,-0.011658178095776597
maxHBint6,0.36363636363636365,0.013814254793577563,0.05608633132204631,0.09835840785051506
VE3_Dzi,0.36363636363636365,-0.07563590744585649,-0.04675073098224929,-0.017865554518642086
AATSC0c,0.36363636363636365,0.008203015119956615,0.04435329397733393,0.08050357283471124
MATS4m*SdO,0.36363636363636365,0.014269118601871064,0.04775821700671426,0.08124731541155746
MATS4e*GATS1m,0.36363636363636365,-0.0625079847177729,-0.03769660233406131,-0.012885219950349715
AATSC1c,0.36363636363636365,-0.06694816841740722,-0.03434637780802879,-0.001744587198650345
MATS4v,0.3333333333333333,-0.07210930053710485,-0.03574186607606896,0.0006255683849669194
ATSC2c*MATS1c,0.3333333333333333,-0.09063942476100947,-0.04965165356853918,-0.008663882376068875
Mpe,0.3333333333333333,-0.030090412030460846,-0.017372923341532846,-0.004655434652604847
Mse,0.3333333333333333,-0.031965689845016014,-0.018436160654521496,-0.00490663146402698
MATS2c*Mse,0.3333333333333333,0.006242068407805373,0.023007700282084664,0.03977333215636396
MATS1c*MATS2c,0.3333333333333333,-0.07509911581059016,-0.040567371410984876,-0.0060356270113795935
AATSC4v*GATS4v,0.3333333333333333,-0.03261265033750789,-0.017000327491119443,-0.001388004644730996
AATS0e,0.3333333333333333,-0.02924403553842273,-0.016230566818220712,-0.0032170980980186937
AATSC1s*MATS2s,0.3333333333333333,0.009589998571465162,0.057114977938165154,0.10463995730486514
AATS1e*MATS2c,0.3333333333333333,0.005989868903806109,0.02213082902631241,0.03827178914881871
AATSC0c*GATS4v,0.3333333333333333,-0.0007776398531598172,0.03402948803764404,0.06883661592844789
AATSC3s,0.30303030303030304,0.002410065857052196,0.07165910517760021,0.14090814449814823
AATSC2c*Mse,0.30303030303030304,0.001539009447261366,0.012473085207741208,0.023407160968221048
AATS1e*AATSC2c,0.30303030303030304,0.0011513862391153377,0.011657882412499505,0.022164378585883673
AATSC1c*MATS4v,0.30303030303030304,0.0006825378542649752,0.014791214080675994,0.028899890307087013
ATSC8c*maxHBint10,0.30303030303030304,-0.07345961261954893,-0.041399116263601085,-0.009338619907653237
AATSC1c*MATS2c,0.30303030303030304,-0.03198009854440312,-0.01715309525434256,-0.002326091964282004
AATSC1c*AATSC4v,0.30303030303030304,-0.01453067310928995,0.007209865404631927,0.028950403918553805
AATSC2c*Mpe,0.30303030303030304,0.0014617595397555371,0.01228655916644233,0.023111358793129123
GATS4v*ETA_Epsilon_4,0.2727272727272727,-0.02006606319212302,-0.009858563384647207,0.0003489364228286083
AATSC1c*GATS4v,0.2727272727272727,-0.02781994662130819,-0.013378719233073294,0.0010625081551616008
AATSC4v*GATS1c,0.2727272727272727,-0.040282818984843455,-0.014834718484355629,0.010613382016132197
ETA_dEpsilon_D*IC0,0.2727272727272727,-0.030989062029708848,-0.015612117571874862,-0.00023517311404087568
AATSC1c*MATS1c,0.2727272727272727,0.0024765917378705826,0.016028481785135554,0.029580371832400525
AATSC4v,0.2727272727272727,-0.04102834771789107,-0.01899761308283477,0.003033121552221532
AATS5m,0.2727272727272727,0.0006109392992979731,0.042070700935997594,0.08353046257269722
ETA_dEpsilon_C,0.2727272727272727,0.0027385133928949784,0.01664625092082533,0.030553988448755683
AATSC2c*MATS1c,0.2727272727272727,-0.026228396045211204,-0.013639443379146243,-0.0010504907130812827
ETA_dEpsilon_D*ETA_EtaP_B_RC,0.2727272727272727,-0.0614796054920582,-0.0327726154762368,-0.004065625460415397
AATSC3e*JGI4,0.2727272727272727,0.002415095952020146,0.024291283287843943,0.046167470623667745
AATS1m,0.24242424242424243,-0.06481282253594718,-0.032056403362371005,0.0007000158112051708
GATS2i,0.24242424242424243,-0.0050847641098377,0.08515512282645918,0.17539500976275607
MATS4e*minsBr,0.24242424242424243,-0.04120721599354045,-0.021038350471837105,-0.0008694849501337601
AATSC8e,0.24242424242424243,-0.11140795293601063,-0.05920555193819674,-0.007003150940382834
CIC1,0.24242424242424243,-0.08386003201566633,-0.04139279730925504,0.0010744373971562499
AATSC4v*JGI4,0.24242424242424243,-0.02844825091665992,-0.002404387039775781,0.023639476837108358
ATSC2c*ETA_dEpsilon_A,0.24242424242424243,-0.00475126053785571,0.011863846982900413,0.028478954503656534
AATSC2c*AATSC3s,0.24242424242424243,0.009070662870205033,0.054646711080250474,0.10022275929029592
GGI1,0.24242424242424243,-0.06476707949879061,-0.03479601957260821,-0.004824959646425802
ETA_dEpsilon_D*JGI4,0.24242424242424243,-0.05122890278732766,-0.024633660265159705,0.0019615822570082514
ATSC6m,0.24242424242424243,-0.08325318040995484,-0.029531645690010263,0.024189889029934315
GATS8i,0.24242424242424243,-0.07513202793006904,-0.04009802682107161,-0.005064025712074177
AATSC0m,0.21212121212121213,-0.0063550608869762885,0.013390002714937696,0.03313506631685168
GATS4v*Mse,0.21212121212121213,-0.02719623873330463,-0.010576470931755731,0.00604329686979317
SHBint4,0.21212121212121213,-0.029050228653983025,-0.014338283489911464,0.0003736616741600949
GATS4v,0.21212121212121213,-0.01222004327944684,-0.0053096445896878555,0.0016007541000711304
ETA_dAlpha_A,0.21212121212121213,-0.06019566714802972,-0.02669247976697425,0.006810707614081226
ETA_Epsilon_4,0.21212121212121213,-0.03384485182614771,-0.015450751610202585,0.002943348605742538
AATS4m,0.21212121212121213,-0.03445227718748382,-0.005187240371736079,0.02407779644401166
SM1_Dzp*maxHBint10,0.21212121212121213,-0.0089266427851666,0.013667172649149625,0.03626098808346585
ATSC2c*minssCH2,0.21212121212121213,0.0012284429849336274,0.027098266839567602,0.05296809069420158
MATS4v*GATS4v,0.21212121212121213,-0.028281475207672522,-0.012993180178767147,0.002295114850138228
GATS1c*ETA_dEpsilon_D,0.21212121212121213,-0.012444189341236592,-0.00613776106057098,0.0001686672200946317
VE1_Dze,0.21212121212121213,-0.0786982429016469,-0.04132171105445031,-0.003945179207253714
MATS4v*JGI4,0.21212121212121213,-0.018597343137061396,0.002280440251688261,0.02315822364043792
MATS4v*GATS1c,0.21212121212121213,-0.006855217391375509,-0.0024241919747281884,0.0020068334419191323
AATSC4v*GATS3p,0.21212121212121213,-0.01896539654341752,-0.006360350187190743,0.006244696169036033
AATSC2m,0.21212121212121213,-0.009533559277791216,0.015349400578507344,0.0402323604348059
MATS4m*minHBd,0.18181818181818182,-0.08482992903944012,-0.041997920163060545,0.0008340887133190186
VE3_Dze,0.18181818181818182,-0.047495502477480495,-0.022889363898218,0.0017167746810444993
GATS1c*Mpe,0.18181818181818182,-0.041902639927593896,-0.02044980823656921,0.001003023454455479
meanI,0.18181818181818182,-0.011713112878920157,0.021613666612110366,0.05494044610314089
GATS4v*ETA_dEpsilon_D,0.18181818181818182,-0.009207515228595468,-0.0034259549302407388,0.002355605368113991
ATSC5p,0.18181818181818182,-0.07636656386131503,-0.033809016623114065,0.008748530615086902
MATS2c*ETA_dEpsilon_A,0.18181818181818182,-0.004450950160164099,0.01278845166642531,0.03002785349301472
MATS2c*minssCH2,0.18181818181818182,-0.005035989865457592,0.031659729194395934,0.06835544825424947
AATSC1c*GATS1c,0.18181818181818182,-0.010541874389878447,-0.0051538527476906355,0.00023416889449717586
ATSC8e,0.18181818181818182,-0.060769094966127646,-0.030028649231485953,0.0007117965031557434
AATSC4e*ETA_dPsi_A,0.18181818181818182,-0.0027533933362470613,0.01552040946422251,0.03379421226469208
ETA_dEpsilon_D,0.18181818181818182,-0.0073980800394661764,-0.0030414428416740513,0.0013151943561180734
MATS4e*maxsBr,0.18181818181818182,-0.033100760999141124,-0.015911598919266134,0.0012775631606088515
AMW,0.18181818181818182,-0.02392006863186075,-0.010289675633127625,0.0033407173656055007
ETA_Epsilon_2,0.18181818181818182,-0.03077906759996296,0.00409026476999611,0.038959597139955185
GATS4v*Mpe,0.18181818181818182,-0.009287983456865484,-0.004465197854913735,0.00035758774703801427
ETA_AlphaP,0.15151515151515152,-0.032519255935964865,-0.010162435454928473,0.012194385026107922
MIC0,0.15151515151515152,-0.01094124437779033,0.019016305458669985,0.0489738552951303
VE1_Dzv,0.15151515151515152,-0.0032374708243193898,0.030143824726003243,0.06352512027632587
ETA_Psi_1,0.15151515151515152,-0.032326987152521934,-0.010343174018866136,0.011640639114789663
AATSC1s,0.15151515151515152,-0.00971354124355412,0.015304743334914706,0.04032302791338353
SpMin4_Bhm,0.15151515151515152,-0.0037114393217003924,0.023611517396361654,0.0509344741144237
VE2_Dzs*maxsssN,0.15151515151515152,-0.002470767171399064,0.02214170154404485,0.04675417025948876
ATSC4v*maxHBint10,0.15151515151515152,-0.0021690644002597542,0.01655838630457979,0.035285837009419334
ATSC6p*GATS2e,0.15151515151515152,-0.10870687944025807,-0.04838032559333777,0.011946228253582533
SM1_Dzp,0.15151515151515152,-0.01359909638965072,0.012912693103423606,0.03942448259649793
ATSC4v*SHBint10,0.15151515151515152,-0.0013902399685318968,0.008465064822333284,0.018320369613198467
MIC1,0.15151515151515152,-0.0015642503685237069,0.006787300802114278,0.015138851972752262
MATS4m*MATS6p,0.15151515151515152,-0.059521062526780695,-0.022830730345195137,0.013859601836390421
VE2_Dzs*minsssN,0.15151515151515152,-0.0020490912517719985,0.022229873520465324,0.04650883829270265
minwHBa*gmax,0.15151515151515152,-0.08710792319075787,-0.04103489577233722,0.005038131646083438
GATS6e,0.15151515151515152,-0.06079144374826852,-0.02793299651355009,0.004925450721168342
AATSC0c*ETA_dEpsilon_D,0.15151515151515152,-0.0021396544602426456,0.004869516905347534,0.011878688270937713
GATS5m,0.15151515151515152,-0.06796030154601693,-0.03138944179995472,0.005181417946107485
AATSC4v*AATSC2i,0.15151515151515152,-0.04796852849713615,-0.020087561539560192,0.007793405418015761
AATSC2m*SsBr,0.15151515151515152,-0.016454776130962932,-0.007277931902630028,0.001898912325702877
ATSC0s,0.15151515151515152,-0.03745818611880185,-0.01693595069293575,0.0035862847329303504
MATS3e,0.15151515151515152,-0.059226139129704466,-0.026509008007067892,0.006208123115568686
MATS4m*MATS6m,0.15151515151515152,-0.03129316879881334,-0.014016783296110977,0.0032596022065913832
ATSC2m,0.15151515151515152,-0.0043618543824098695,0.027558301325172913,0.0594784570327557
maxHBint2,0.15151515151515152,-0.0029182294110457196,0.019763816684718726,0.04244586278048317
hmax,0.15151515151515152,-0.004656907083252483,0.044341743693107276,0.09334039446946704
AATSC2m*minsBr,0.15151515151515152,-0.012593815974246188,-0.003998895336288041,0.004596025301670106
AATS2m,0.15151515151515152,-0.03422799807032159,-0.012299937752205562,0.00962812256591047
MATS2m,0.15151515151515152,-0.0033086535644583984,0.019243561824518734,0.041795777213495866
MATS1c*ETA_dEpsilon_D,0.12121212121212122,-0.002130582787928133,0.0015745500192990039,0.005279682826526141
AATSC0s,0.12121212121212122,-0.022949479528698066,-0.00935228670843738,0.004244906111823309
MATS2e,0.12121212121212122,-0.021776735044663088,-0.00804081904962789,0.005695096945407308
SHBa,0.12121212121212122,-0.03354151229196332,-0.01254821841588058,0.008445075460202157
MATS1c*GATS3i,0.12121212121212122,-0.05394701194879023,-0.022104551840793078,0.009737908267204078
ATSC6v*MATS2c,0.12121212121212122,-0.011869397301936004,0.02054099180172436,0.05295138090538472
MATS2p,0.12121212121212122,-0.007621267329933224,0.0036624258364431413,0.014946119002819506
MAXDP2,0.12121212121212122,-0.07387373440328628,-0.031306622035703356,0.011260490331879563
AATSC1c*GATS3p,0.12121212121212122,-0.015047795760186262,-0.0036800495541768306,0.007687696651832601
MATS3i*GATS8e,0.12121212121212122,-0.06563270931995303,-0.024093810248111438,0.017445088823730154
AATS0m,0.12121212121212122,-0.0018287614766633882,0.0007069970822415189,0.003242755641146426
GATS1c,0.12121212121212122,-0.03619800144320585,-0.014702699510859018,0.006792602421487812
MATS4e*ETA_dPsi_A,0.12121212121212122,-0.01358225382644652,-0.0038700552398254415,0.005842143346795637
MATS4m,0.12121212121212122,-0.02045926215043946,-0.008573561769594387,0.0033121386112506847
MATS4m*GATS3p,0.12121212121212122,-0.04484217934041431,-0.01555360214185398,0.013734975056706351
ETA_Eta_L,0.12121212121212122,-0.03951951325834608,-0.010460327634782164,0.018598857988781747
GATS4v*IC0,0.12121212121212122,-0.00791581079816404,0.0014179565443441994,0.01075172388685244
GATS1c*Mse,0.12121212121212122,-0.028693522207822154,-0.012563292879051483,0.003566936449719187
ATSC6v*MATS1c,0.12121212121212122,-0.04690606480614086,-0.020754867258071297,0.00539633028999827
SM1_Dzp*SsssN,0.12121212121212122,-0.01201460811107126,0.037145390410330235,0.08630538893173173
SIC2,0.12121212121212122,-0.04526181175677913,-0.013614097770701494,0.018033616215376143
AATSC4e,0.12121212121212122,-0.00971896374346802,0.005491406319795364,0.020701776383058746
ATSC2s,0.12121212121212122,-0.03202193559275116,-0.0009101821733880582,0.030201571245975046
ATSC4p*AATSC2i,0.12121212121212122,-0.04303109014382469,-0.009949202283286412,0.023132685577251864
ATSC6v*AATSC2c,0.12121212121212122,-0.00317049451108937,0.01183306944236214,0.02683663339581365
ATSC0m*maxsBr,0.12121212121212122,-0.008087801090276766,0.008242231863536868,0.024572264817350503
minHBint2,0.12121212121212122,-0.02039763268637739,0.007416211165361055,0.0352300550170995
minHBint6,0.12121212121212122,-0.01167677648399552,0.030771076524041322,0.07321892953207816
AATSC6c,0.12121212121212122,-0.06433420976221305,-0.02572416321969742,0.012885883322818197
AATSC5p,0.12121212121212122,-0.0865352852684882,-0.03425998225827045,0.018015320751947297
minHaaCH,0.12121212121212122,-0.030864141064552028,-0.013305583650344453,0.0042529737638631205
AATSC4v*minHBd,0.12121212121212122,-0.04582736143872839,-0.020287286994363773,0.005252787450000844
AATSC4e*GATS1m,0.12121212121212122,-0.008357474187841591,0.004094197964692214,0.016545870117226018
ZMIC2,0.12121212121212122,-0.008947314048308397,0.033357266328040126,0.07566184670438865
minsBr*ETA_dAlpha_A,0.12121212121212122,-0.020012699323549404,-0.007951479832565228,0.004109739658418947
AATSC2m*maxsBr,0.12121212121212122,-0.004801599564279564,-0.001363437746562021,0.0020747240711555225
minssNH,0.12121212121212122,-0.01075075141319421,0.017172508566938582,0.045095768547071376
SpMax1_Bhs,0.12121212121212122,-0.09325241997054423,-0.034882586587777355,0.023487246794989522
ATSC6v*AATSC1c,0.12121212121212122,-0.04283304846585642,-0.018245441643709514,0.00634216517843739
SdssC,0.12121212121212122,-0.05105661181084355,-0.02266290649416522,0.005730798822513105
minsssN*maxHCsats,0.12121212121212122,-0.027906415067202497,0.049464913724770465,0.1268362425167434
maxsBr*ETA_dAlpha_A,0.09090909090909091,-0.009967416068632018,-0.0038229566384771754,0.0023215027916776675
GATS1m,0.09090909090909091,-0.005839081461868581,-0.0021748870134044884,0.0014893074350596043
ATSC2m*SsBr,0.09090909090909091,-0.004664682679093683,-0.0008103429933596146,0.0030439966923744535
maxHBint4,0.09090909090909091,-0.005970688705328063,-0.0018675414458689875,0.002235605813590089
GATS2p,0.09090909090909091,-0.007699423962809728,0.01747531564176633,0.04265005524634238
AATSC1c*AATSC2i,0.09090909090909091,-0.018898613470747335,0.026431311464510127,0.07176123639976759
ATSC2e,0.09090909090909091,-0.005464332187558306,0.008269344727376237,0.02200302164231078
ATSC2c*MATS2c,0.09090909090909091,-0.005322073871835534,0.011349027530036169,0.028020128931907872
ATSC0e,0.09090909090909091,-0.0019382659658802248,-0.0005569500672831431,0.0008243658313139386
GATS8p,0.09090909090909091,-0.003709107039198657,0.005300727739929936,0.014310562519058528
ATSC0c*SHBint10,0.09090909090909091,-0.0033926257092431883,0.003711044722685267,0.010814715154613722
minHBd*ETA_dEpsilon_D,0.09090909090909091,-0.023056116000308338,-0.008667497094614493,0.005721121811079352
MATS2c*minsssN,0.09090909090909091,-0.0323997022210084,-0.006183728473629208,0.020032245273749985
AATS1e,0.09090909090909091,-0.007418093623136874,-0.0026761068784295844,0.0020658798662777055
AATSC1c*MATS2s,0.09090909090909091,-0.0029908953643186624,0.004184422125457734,0.01135973961523413
AATSC3e*minHBd,0.09090909090909091,-0.009420270934912094,0.01874893131710748,0.04691813356912705
GATS7v,0.09090909090909091,-0.05023934341960461,-0.019837475531742706,0.010564392356119195
AATSC3i*GATS8e,0.09090909090909091,-0.020086449495324843,-0.00817455482503494,0.0037373398452549642
GATS6m,0.09090909090909091,-0.004345732557930042,0.0005660730547213559,0.0054778786673727545
GATS3i,0.09090909090909091,-0.013156546451074436,0.025069827371162794,0.06329620119340003
AATS2s,0.09090909090909091,-0.02336350902492201,-0.008115047542023704,0.007133413940874602
MATS5c,0.09090909090909091,-0.03470321044681874,0.009625381142499929,0.0539539727318186
SHCsats,0.09090909090909091,-0.04477341292923662,-0.018347451966716385,0.008078508995803844
ATSC7m,0.09090909090909091,-0.030251563229555058,-0.012290850168572395,0.005669862892410268
SHBint2,0.09090909090909091,-0.0958564305082832,-0.03695984287687437,0.021936744754534457
AATSC1s*GATS1c,0.09090909090909091,-0.0019957971124487566,0.003044390399074396,0.008084577910597548
SpMin8_Bhi,0.09090909090909091,-0.03487149574752341,-0.014232668151051155,0.006406159445421097
ATSC5i,0.09090909090909091,-0.04591653493808902,-0.01722116326107032,0.01147420841594838
MAXDP,0.09090909090909091,-0.04325665502341308,-0.015912743555761263,0.011431167911890552
CIC2,0.09090909090909091,-0.013942039651255142,0.011812158779997783,0.037566357211250706
DELS2,0.09090909090909091,-0.06821290655064398,-0.02094439030262629,0.026324125945391404
ATSC4v*minHBd,0.09090909090909091,-0.062180328666418226,-0.02284710216020018,0.016486124346017865
AATSC1s*minHBd,0.09090909090909091,-0.008414545314008641,0.017451663215255066,0.043317871744518774
MATS1m,0.09090909090909091,-0.01698369559914109,0.03270468730740246,0.08239307021394601
ATSC4p*AATSC0c,0.09090909090909091,-0.022990423762489193,0.0258891725041637,0.07476876877081659
VE2_Dzi,0.09090909090909091,-0.01278043170884183,-0.003835282701803631,0.005109866305234568
ATSC3p,0.09090909090909091,-0.018095765910157074,0.033103983287375835,0.08430373248490874
ATSC3v,0.09090909090909091,-0.012567206130685845,0.016083322625147972,0.04473385138098179
MATS4m*VE2_Dt,0.06060606060606061,-0.03738571647422434,-0.013343311149714761,0.010699094174794813
minHother,0.06060606060606061,-0.018881443474867598,-0.005789957504243976,0.007301528466379647
minaasC,0.06060606060606061,-0.10353765962411876,-0.03479328806337951,0.03395108349735974
minsBr,0.06060606060606061,-0.0017507480118928056,-0.0005148048680628654,0.0007211382757670749
MATS2s*ETA_dEpsilon_A,0.06060606060606061,-0.04944626767263538,-0.013671394979930238,0.022103477712774905
MATS4s,0.06060606060606061,-0.008916193975718847,0.009083861014914532,0.02708391600554791
minsBr*ETA_AlphaP,0.06060606060606061,-0.0022147476087445083,-0.0007001348698582308,0.0008144778690280464
SsBr*ETA_AlphaP,0.06060606060606061,-0.0015126532544031675,-0.0004229688778169186,0.0006667154987693301
MDEO-11,0.06060606060606061,-0.015599916038274451,0.0009340076196618632,0.01746793127759818
minsBr*maxsBr,0.06060606060606061,-0.0022783518051990173,-0.0006105129245048295,0.0010573259561893586
AATSC0p,0.06060606060606061,-0.003546134777914107,7.353009942725798e-05,0.0036931949767686234
minsF,0.06060606060606061,-0.021352899992117844,-0.007354036690501089,0.006644826611115665
SsBr,0.06060606060606061,-0.0011813807574127136,-0.00028570392170040144,0.0006099729140119107
AATS2s*ATSC2c,0.06060606060606061,-0.005521279723791544,0.006629814679528706,0.018780909082848955
SpMAD_Dzs,0.06060606060606061,-0.028471889043696373,-0.009265952950236384,0.009939983143223606
AATS2e,0.06060606060606061,-0.010530605466974907,-0.003679377302706516,0.0031718508615618756
MATS2c*maxsssN,0.06060606060606061,-0.0243538314788846,-0.001858258771026633,0.020637313936831336
minwHBa,0.06060606060606061,-0.02792556740403273,-0.00992165821083949,0.008082250982353751
VE3_Dt,0.06060606060606061,-0.02770188979610203,0.0012258343019745561,0.03015355840005114
SsBr*maxsBr,0.06060606060606061,-0.0011183213456834877,-0.0003574118489454257,0.00040349764779263627
MATS4m*mindO,0.06060606060606061,-0.009174415441545928,0.009960410864008189,0.029095237169562305
maxdO,0.06060606060606061,-0.02349726967358663,0.003079281789067891,0.02965583325172241
MATS4m*GATS1c,0.06060606060606061,-0.009382441025814113,-0.003328480671618504,0.0027254796825771054
maxsBr,0.06060606060606061,-0.00143628191173234,-0.00046868465878828534,0.0004989125941557694
SsssCH,0.06060606060606061,-0.014281094912869005,-0.0013293469998227694,0.011622400913223465
maxsBr*ETA_AlphaP,0.06060606060606061,-0.0018978582073990598,-0.0006447508643124579,0.000608356478774144
MATS4v*minHBd,0.06060606060606061,-0.025866664127153438,-0.009221583267963428,0.007423497591226583
maxsCl,0.06060606060606061,-0.016406082293903116,-0.005760356167925056,0.004885369958053003
maxsF,0.06060606060606061,-0.016879607522952624,-0.005967965896461363,0.004943675730029897
maxssCH2,0.06060606060606061,-0.015848668243519534,0.018719334225104696,0.053287336693728926
SsF,0.06060606060606061,-0.01553619225012651,-0.005530972153201347,0.004474247943723816
SsCl,0.06060606060606061,-0.036857530537597695,-0.012460155475466242,0.011937219586665214
AATS8i,0.06060606060606061,-0.01526753163239422,0.01445079961920157,0.04416913087079736
MAXDN2,0.06060606060606061,-0.015780549967515208,0.018970928674942652,0.05372240731740051
maxsssCH,0.06060606060606061,-0.01618142921240307,0.001482100354156777,0.019145629920716625
MATS5e,0.06060606060606061,-0.042861038526925965,-0.014508535276950911,0.013843967973024144
MATS5m,0.06060606060606061,-0.012182803290677544,0.01334908064913598,0.038880964588949504
SsBr*minsBr,0.06060606060606061,-0.0012375912669331042,-0.0004408053004685413,0.00035598066599602156
gmax,0.06060606060606061,-0.03650624780041082,-0.013032889989269164,0.010440467821872494
MATS4m*maxdO,0.06060606060606061,-0.009174415441545928,0.009960410864008189,0.029095237169562305
MATS6e,0.06060606060606061,-0.01498871068164042,0.008920726682502125,0.03283016404664467
MATS4e*ETA_dAlpha_A,0.06060606060606061,-0.019054147633193984,-0.006121437894848504,0.006811271843496977
VE2_Dt,0.06060606060606061,-0.017255259928984485,0.015771076370087875,0.04879741266916024
minHBint7,0.06060606060606061,-0.005381812702194992,0.006126361400497419,0.01763453550318983
GATS8e*GATS2i,0.06060606060606061,-0.017592345206154693,0.005933533067463111,0.02945941134108091
ATSC4v*JGI4,0.06060606060606061,-0.03443834043664675,-0.011185745738216391,0.012066848960213969
ATSC2c*AATSC1c,0.06060606060606061,-0.03220396914090209,-0.010952773632501446,0.010298421875899195
ATSC0m*minsBr,0.06060606060606061,-0.0003814495765739583,0.00011617358011081176,0.0006137967367955818
ATSC6v,0.06060606060606061,-0.0070318169488259715,0.0065762302081724565,0.020184277365170884
ATSC6v*minssCH2,0.06060606060606061,-0.03978806488955382,-0.013940196231655443,0.011907672426242931
ATSC7p,0.06060606060606061,-0.00788472192286144,0.008271563804442245,0.02442784953174593
GATS6e*ETA_dPsi_A,0.06060606060606061,-0.04056811090887544,-0.005080200092832127,0.03040771072321118
AATSC2e,0.06060606060606061,-0.009507396625604906,-0.0033716193266458703,0.0027641579723131646
GATS2s,0.06060606060606061,-0.014459696357765058,0.017533061512069754,0.04952581938190456
BIC2,0.06060606060606061,-0.0358233004045358,-0.012659167294049667,0.01050496581643647
AATSC2c*minssCH2,0.06060606060606061,-0.0074387458106819244,0.00868706556498577,0.024812876940653466
AATSC2c*maxsssN,0.06060606060606061,-0.012137703845374818,-0.0024604189497574214,0.0072168659458599765
GATS5c,0.06060606060606061,-0.015180158348385306,0.019146922177061584,0.053474002702508475
ATSC4v,0.06060606060606061,-0.012810627966159767,-0.004528556049197491,0.0037535158677647843
GATS4s,0.06060606060606061,-0.04937968292499625,-0.01768030727091028,0.014019068383175688
ATSC4p*JGI4,0.06060606060606061,-0.049294967378486376,-0.016899672933835066,0.015495621510816248
AATSC4m,0.06060606060606061,-0.021770962084819757,-0.004598543788730804,0.01257387450735815
ATSC0c,0.06060606060606061,-0.018647943083715215,0.007768903889367233,0.03418575086244968
GATS8m,0.06060606060606061,-0.010947617346193345,-0.0030466180173566995,0.0048543813114799465
ETA_BetaP_ns_d,0.06060606060606061,-0.04960416684286499,-0.016586039528829366,0.01643208778520626
ATSC6v*ATSC4p,0.06060606060606061,-0.02545119456414678,-0.008962164644126996,0.007526865275892788
AATSC2p,0.06060606060606061,-0.005924102734418269,0.005862641064599488,0.017649384863617244
AATSC2s,0.06060606060606061,-0.007469909205330326,-0.0026279791055872806,0.002213950994155765
AATSC1c*ETA_dEpsilon_D,0.06060606060606061,-0.002272178261945122,-0.000667786414721752,0.0009366054325016179
ATSC6p*SsssN,0.06060606060606061,-0.018389106069933676,0.02317691376858105,0.06474293360709578
DELS,0.06060606060606061,-0.007832962184781654,-0.0023827731747396246,0.0030674158353024054
MATS1c,0.06060606060606061,-0.029341174926393168,-0.008599597771705018,0.01214197938298313
ATSC3e*GATS3p,0.06060606060606061,-0.016924816801037076,0.02078537368513569,0.05849556417130845
ATSC2m*maxsBr,0.06060606060606061,-0.0004306850748310606,0.000529963634535881,0.0014906123439028226
ETA_EtaP_B_RC,0.06060606060606061,-0.05316868150140709,-0.01601764881428286,0.021133383872841374
GATS8m*GATS7v,0.06060606060606061,-0.06876183884479967,-0.02396938187293146,0.02082307509893675
ATSC4p,0.030303030303030304,-0.0050637300817940965,0.003213026701645999,0.011489783485086094
ATSC3i,0.030303030303030304,-0.024220985956735556,-0.006773206363740368,0.01067457322925482
VR2_Dzp,0.030303030303030304,-0.012406401533476477,-0.003469351659249574,0.005467698214977329
WTPT-4,0.030303030303030304,-0.00795894819057181,0.005050094029550641,0.01805913624967309
ATSC4p*GATS1c,0.030303030303030304,-0.005484725185038318,0.003480155574262892,0.012445036333564103
AATS3i,0.030303030303030304,-0.03587252223483543,-0.010031465949338767,0.0158095903361579
ATSC3e*minHBd,0.030303030303030304,-0.013031532525584545,0.008268738912172937,0.029569010349930418
MATS1e,0.030303030303030304,-0.0032016433694770233,0.002031499599921969,0.007264642569320961
SsssN,0.030303030303030304,-0.0019387043576836128,0.0012301423589363028,0.004398989075556218
VE2_Dze,0.030303030303030304,-0.004943343896879058,0.00313663952847656,0.011216622953832177
ATSC5c,0.030303030303030304,-0.007757630493446973,0.004922354374014576,0.017602339241476125
SM1_Dzs,0.030303030303030304,-0.045637807905066934,-0.012762250532736838,0.02011330683959326
SddssS,0.030303030303030304,-0.023030419872366568,-0.006440274013525327,0.010149871845315916
ATSC6p*MATS1c,0.030303030303030304,-0.050526788442025745,-0.014129415112423308,0.022267958217179133
AATSC1s*GATS3p,0.030303030303030304,-0.0017716067719633299,0.0011241159720579504,0.00401983871607923
SpMin8_Bhe,0.030303030303030304,-0.0071754317744505275,-0.0020065525096338165,0.003162326755182895
ATSC5s,0.030303030303030304,-0.0034990899604023054,0.002220234746448163,0.007939559453298632
SsBr*ETA_dPsi_A,0.030303030303030304,-0.002652357985642304,0.0016829682650014617,0.0060182945156452275
ATSC4v*ETA_dPsi_A,0.030303030303030304,-0.022944923400135944,-0.00641636560406486,0.010112192192006222
ATSC4p*maxHBint10,0.030303030303030304,-0.0023362361849335643,0.0014823833660745965,0.005301002917082758
MATS1c*SHCsats,0.030303030303030304,-0.017540296062845323,0.011129629481500841,0.039799555025847005
SsOH,0.030303030303030304,-0.0013568372904696857,0.000860937367049293,0.0030787120245682714
SssS,0.030303030303030304,-0.00024011185378467896,0.00015235523717301963,0.0005448223281307183
ATSC4v*AATSC2i,0.030303030303030304,-0.01004103462827661,-0.00280789558956281,0.0044252434491509895
ZMIC5,0.030303030303030304,-0.0013184955691942397,0.0008366088637019286,0.002991713296598097
SssssC,0.030303030303030304,-0.007143920981904544,0.0045329447854724255,0.016209810552849396
ATSC4s,0.030303030303030304,-0.009137792787609915,0.005798091870310858,0.020733976528231633
ATSC3e,0.030303030303030304,-0.009485094217949911,0.006018460798191568,0.021522015814333047
maxHsOH,0.030303030303030304,-0.0015426512674411449,0.000978839636701234,0.0035003305408436132
ATSC2v,0.030303030303030304,-0.005750904823482223,-0.001608194861152747,0.002534515101176729
minHdsCH,0.030303030303030304,-0.01651744396992023,-0.004618972027382615,0.007279499915155001
AATSC4v*ETA_dEpsilon_D,0.030303030303030304,-0.00018203602397396464,-5.090492840435252e-05,8.022616716525958e-05
minaasC*ETA_dPsi_A,0.030303030303030304,-0.017217151422324117,-0.004814639659486609,0.007587872103350897
minaasC*gmax,0.030303030303030304,-0.04139029090225059,-0.011574466135976116,0.018241358630298354
mindO,0.030303030303030304,-0.0196232530443428,-0.005487486869223378,0.008648279305896043
AATS0s,0.030303030303030304,-0.0033574319572590066,-0.0009388791826786931,0.0014796735919016205
minsBr*ETA_dPsi_A,0.030303030303030304,-0.002652357985642304,0.0016829682650014617,0.0060182945156452275
AATSC3p,0.030303030303030304,-0.0010663282416054055,-0.00029819022416258546,0.00046994779328023465
minsCl,0.030303030303030304,-0.01279756808277729,-0.0035787382781815686,0.005640091526414154
AATSC3i*MATS3i,0.030303030303030304,-0.009830287784451731,0.006237492249017597,0.022305272282486924
minsOH,0.030303030303030304,-0.0013568372904696857,0.000860937367049293,0.0030787120245682714
minssCH2,0.030303030303030304,-0.00020252014712716042,0.0001285026314258632,0.00045952540997888685
minssS,0.030303030303030304,-0.00024011185378467896,0.00015235523717301963,0.0005448223281307183
minsssN,0.030303030303030304,-0.0045837622176883985,0.0029084785645230944,0.010400719346734586
AATSC3e,0.030303030303030304,-0.0010185106841177544,0.0006462631244401995,0.0023110369329981534
minwHBa*maxHBa,0.030303030303030304,-0.04557900742469708,-0.012745807445385088,0.020087392533926905
minHsOH,0.030303030303030304,-0.0015426512674411449,0.000978839636701234,0.0035003305408436132
AATSC6e,0.030303030303030304,-0.005705363070784871,0.0036201542327315163,0.012945671536247904
gmin,0.030303030303030304,-0.015137447131332284,-0.004233066871177932,0.006671313388976421
minHBint9,0.030303030303030304,-0.008111251513357114,0.005146733193754513,0.01840471790086614
ATSC2p,0.030303030303030304,-0.05480853557336087,-0.015326771692774292,0.024154992187812287
ATSC2m*minsBr,0.030303030303030304,-0.0002293181700526622,0.00014550645307910041,0.000520331076210863
AATSC2c*ETA_dEpsilon_A,0.030303030303030304,-0.009297845972949258,-0.0026000687843817836,0.00409770840418569
ATSC2c*maxsssN,0.030303030303030304,-0.010350425737884151,-0.002894414356231586,0.00456159702542098
AATS1i,0.030303030303030304,-0.014730054037152539,-0.004119142627839077,0.006491768781474385
ATSC2c*MDEN-23,0.030303030303030304,-0.010820805317111607,-0.003025952269885796,0.004768900777340015
AATSC2c*MDEN-23,0.030303030303030304,-0.015106985413995362,-0.004224548493846577,0.006657888426302209
maxsBr*ETA_dPsi_A,0.030303030303030304,-0.002652357985642304,0.0016829682650014617,0.0060182945156452275
ATSC1m,0.030303030303030304,-0.009761482451076098,0.006193834042560975,0.022149150536198047
maxsOH,0.030303030303030304,-0.0013568372904696857,0.000860937367049293,0.0030787120245682714
maxssNH,0.030303030303030304,-0.013465058973667341,0.008543819145728009,0.030552697265123357
maxsssN,0.030303030303030304,-0.004540317126043883,0.002880911882007539,0.010302140890058962
AATSC2c*SsssN,0.030303030303030304,-0.0035131527772004215,0.002229157853553567,0.007971468484307555
AATSC7p,0.030303030303030304,-0.003304387752039722,0.002096692736065813,0.007497773224171348
AATSC6s,0.030303030303030304,-0.013333831277005045,0.008460552840739238,0.03025493695848352
ATSC6s,0.030303030303030304,-0.021835283219988552,-0.0061060635402652545,0.009623156139458043
ATSC4v*ATSC6p,0.030303030303030304,-0.007482551201505333,0.004747811676082064,0.01697817455366946
SM1_Dzp*SHBint10,0.030303030303030304,-0.0016689287273123912,0.0010589649284977098,0.003786858584307811
MATS2s*Mse,0.030303030303030304,-0.02892952763397988,-0.00808991264932323,0.012749702335333417
MATS3p,0.030303030303030304,-0.0026430601882389444,0.0016770686473597364,0.005997197482958417
GATS8e,0.030303030303030304,-0.01158296991011988,-0.003239085545335537,0.0051047988194488055
MATS3s,0.030303030303030304,-0.0179997342712456,0.01142115118733858,0.04084203664592276
MATS4c,0.030303030303030304,-0.008309245375751288,0.0052723638171010695,0.018853973009953427
AATSC1m,0.030303030303030304,-0.009434588892615038,0.005986414271963857,0.02140741743654275
MDEO-22,0.030303030303030304,-0.005369874784893024,0.0034072809548813606,0.012184436694655744
GATS5v,0.030303030303030304,-0.020169252485382032,-0.005640171276672827,0.008888909932036376
GATS5p,0.030303030303030304,-0.011802416781366423,-0.00330045212006891,0.005201512541228602
MATS4i,0.030303030303030304,-0.014017024057401014,-0.003919749456767621,0.0061775251438657705
AATSC1c*minHBd,0.030303030303030304,-0.0015062362331140287,-0.0004212070003115293,0.0006638222324909702
MATS4m*GATS1m,0.030303030303030304,-0.0036674275345087476,-0.001025566983923028,0.0016162935666626916
MATS8e,0.030303030303030304,-0.014275019209890143,-0.003991895752206416,0.006291227705477312
AATSC1c*JGI4,0.030303030303030304,-0.011892557435057616,0.007546038981635544,0.026984635398328707
MATS7p,0.030303030303030304,-0.017920902060015568,-0.005011437936245963,0.007898026187523641
AATSC0c*AATSC2c,0.030303030303030304,-0.004890023253262271,0.0031028066327806283,0.011095636518823527
GATS3s,0.030303030303030304,-0.005042891269637256,-0.001410204493746436,0.0022224822821443834
GATS3p,0.030303030303030304,-0.046587306183671545,-0.013027770185590476,0.020531765812490596
GATS3i*minsssN,0.030303030303030304,-0.013721748668947249,-0.003837178039414779,0.006047392590117691
MATS4m*meanI,0.030303030303030304,-0.005967875417581127,-0.0016688689646479659,0.0026301374882851947
SM1_Dzp*ETA_dPsi_A,0.030303030303030304,-0.0018754397496527839,0.0011899998411502434,0.004255439431953271
GATS3i*maxsssN,0.030303030303030304,-0.01314022394460957,-0.0036745592686268373,0.005791105407355897
GATS2v,0.030303030303030304,-0.014739736909531785,0.009352624942596309,0.0334449867947244
AATS6e,0.030303030303030304,-0.02442094164276756,-0.006829122383324262,0.010762696876119037
MATS4v*ETA_dEpsilon_D,0.030303030303030304,-0.00026586954991578756,0.000168698952992251,0.0006032674559002896
ETA_dPsi_A,0.030303030303030304,-0.013229966570357677,0.008394648839059438,0.030019264248476552
MATS3m,0.030303030303030304,-0.013304462046709936,-0.0037204871495273868,0.005863487747655162
GATS7m,0.030303030303030304,-0.0054842627202654134,0.003479862132148105,0.012443986984561624
AATS4s,0.030303030303030304,-0.022081357058085893,0.014011013361729628,0.05010338378154515
MATS2c*maxssCH2,0.030303030303030304,-0.006259341557214933,0.003971663424628764,0.014202668406472461
AATSC1c*ETA_EtaP_B_RC,0.030303030303030304,-0.00235661779553749,0.0014953158601126203,0.00534724951576273
ATSC6v*maxssCH2,0.030303030303030304,-0.027233712304228372,-0.007615691360242834,0.012002329583742706
SHBint7,0.030303030303030304,-0.009364430325847436,0.005941897414877814,0.021248225155603064
SHCsats*SssCH2,0.030303030303030304,-0.025854113417760064,-0.007229897488187937,0.01139431844138419
SHsOH,0.030303030303030304,-0.0015426512674411449,0.000978839636701234,0.0035003305408436132
MATS1c*GATS1c,0.030303030303030304,-0.0030786076211948,-0.0008609081714750559,0.0013567912782446881
GATS8m*GATS8e,0.030303030303030304,-0.026283738800321275,0.016677499238782534,0.05963873727788634
MATS2c*SsssN,0.030303030303030304,-0.004474246042525479,0.0028389886056633747,0.010152223253852228
ATSC6v*LipoaffinityIndex,0.030303030303030304,-0.009284513596955528,0.005891188830555539,0.021066891258066607
MATS1c*MATS3p,0.030303030303030304,-0.02033392803595689,0.012902238601495489,0.04613840523894787
IC0,0.030303030303030304,-0.0009320010334305035,0.0005913712141056496,0.0021147434616418026
ATSC6v*ATSC7p,0.030303030303030304,-0.0056970363580890115,0.0036148707855894737,0.012926777929267958
SHdsCH,0.030303030303030304,-0.01637170653165753,-0.004578217710195058,0.0072152711112674125
MATS1c*GATS3p,0.030303030303030304,-0.006406578002481625,0.00406508756502641,0.014536753132534445
GATS4e,0.0,0.0,0.0,0.0
minHBint10,0.0,0.0,0.0,0.0
AATSC7v,0.0,0.0,0.0,0.0
minHBd,0.0,0.0,0.0,0.0
MATS3i,0.0,0.0,0.0,0.0
minssssC,0.0,0.0,0.0,0.0
minssssC*maxHBint4,0.0,0.0,0.0,0.0
maxsOH*maxsCl,0.0,0.0,0.0,0.0
minssssC*maxsCl,0.0,0.0,0.0,0.0
ATSC1e,0.0,0.0,0.0,0.0
minssssC*minsCl,0.0,0.0,0.0,0.0
GATS1p,0.0,0.0,0.0,0.0
minsssCH,0.0,0.0,0.0,0.0
GATS5e,0.0,0.0,0.0,0.0
minsssB,0.0,0.0,0.0,0.0
MATS4i*minHBd,0.0,0.0,0.0,0.0
AATSC3p*MATS3p,0.0,0.0,0.0,0.0
AATSC4i,0.0,0.0,0.0,0.0
minsOH*maxsCl,0.0,0.0,0.0,0.0
mindsCH,0.0,0.0,0.0,0.0
minddssS,0.0,0.0,0.0,0.0
minsOH*minsCl,0.0,0.0,0.0,0.0
LipoaffinityIndex,0.0,0.0,0.0,0.0
maxdsCH,0.0,0.0,0.0,0.0
GATS6s,0.0,0.0,0.0,0.0
minHsOH*minsCl,0.0,0.0,0.0,0.0
minHsOH*maxsCl,0.0,0.0,0.0,0.0
GATS6i,0.0,0.0,0.0,0.0
GATS5s,0.0,0.0,0.0,0.0
AATSC5m,0.0,0.0,0.0,0.0
minHCsatu,0.0,0.0,0.0,0.0
AATSC6i,0.0,0.0,0.0,0.0
AATSC3i,0.0,0.0,0.0,0.0
maxdssC,0.0,0.0,0.0,0.0
maxHBint4*maxsCl,0.0,0.0,0.0,0.0
AATSC2c*ETA_dEpsilon_D,0.0,0.0,0.0,0.0
SsOH*SsCl,0.0,0.0,0.0,0.0
SssssC*minsCl,0.0,0.0,0.0,0.0
SssssC*maxsCl,0.0,0.0,0.0,0.0
SssssC*maxHBint4,0.0,0.0,0.0,0.0
SssssC*SsCl,0.0,0.0,0.0,0.0
AATS5s,0.0,0.0,0.0,0.0
ATSC8c,0.0,0.0,0.0,0.0
AATS5e,0.0,0.0,0.0,0.0
SsssB,0.0,0.0,0.0,0.0
ATSC7v,0.0,0.0,0.0,0.0
SssNH,0.0,0.0,0.0,0.0
SssCH2,0.0,0.0,0.0,0.0
SsOH*minsCl,0.0,0.0,0.0,0.0
SsOH*maxsCl,0.0,0.0,0.0,0.0
SHBint10,0.0,0.0,0.0,0.0
AATS4e,0.0,0.0,0.0,0.0
SHCsatu,0.0,0.0,0.0,0.0
ATSC5e,0.0,0.0,0.0,0.0
ATSC5v,0.0,0.0,0.0,0.0
SHsOH*SsCl,0.0,0.0,0.0,0.0
ATSC6p,0.0,0.0,0.0,0.0
SpMAD_Dzv,0.0,0.0,0.0,0.0
SHsOH*maxsCl,0.0,0.0,0.0,0.0
SpMAD_Dzp,0.0,0.0,0.0,0.0
SpMAD_Dzm,0.0,0.0,0.0,0.0
SpMAD_DzZ,0.0,0.0,0.0,0.0
SHsOH*minsCl,0.0,0.0,0.0,0.0
SdsCH,0.0,0.0,0.0,0.0
SdO,0.0,0.0,0.0,0.0
VE1_D,0.0,0.0,0.0,0.0
VE1_DzZ,0.0,0.0,0.0,0.0
maxHsOH*maxsCl,0.0,0.0,0.0,0.0
ZMIC4,0.0,0.0,0.0,0.0
maxHdsCH,0.0,0.0,0.0,0.0
maxHCsatu,0.0,0.0,0.0,0.0
ETA_dAlpha_B,0.0,0.0,0.0,0.0
ETA_Psi_1*ETA_dPsi_A,0.0,0.0,0.0,0.0
ETA_Eta_B,0.0,0.0,0.0,0.0
ETA_EtaP,0.0,0.0,0.0,0.0
MATS5p,0.0,0.0,0.0,0.0
maxHBa,0.0,0.0,0.0,0.0
MATS6i,0.0,0.0,0.0,0.0
MATS6m,0.0,0.0,0.0,0.0
MATS6p,0.0,0.0,0.0,0.0
bpol,0.0,0.0,0.0,0.0
MATS6s,0.0,0.0,0.0,0.0
ZMIC3,0.0,0.0,0.0,0.0
ATSC8m,0.0,0.0,0.0,0.0
MATS7v,0.0,0.0,0.0,0.0
MAXDN,0.0,0.0,0.0,0.0
MDEC-14,0.0,0.0,0.0,0.0
ATSC3m,0.0,0.0,0.0,0.0
ATSC4e,0.0,0.0,0.0,0.0
MDEC-24,0.0,0.0,0.0,0.0
MDEC-34,0.0,0.0,0.0,0.0
MDEN-13,0.0,0.0,0.0,0.0
VE2_Dzs,0.0,0.0,0.0,0.0
MDEN-23,0.0,0.0,0.0,0.0
ATSC8v,0.0,0.0,0.0,0.0
VE2_D,0.0,0.0,0.0,0.0
VE1_Dzm,0.0,0.0,0.0,0.0
MATS2s,0.0,0.0,0.0,0.0
