Name,T1,T2,dataset
C16688339,5.003207683563232,-0.1877647042274475,Akt1_decoys_padel
C14157963,25.87458038330078,-30.950576782226562,Akt1_decoys_padel
C16490234,-17.880268096923828,-2.696248769760132,Akt1_decoys_padel
C49685826,7.6136674880981445,19.316585540771484,Akt1_decoys_padel
C53972566,13.628886222839355,17.217052459716797,Akt1_decoys_padel
C39627341,24.13337516784668,-27.22137451171875,Akt1_decoys_padel
C65967303,18.440874099731445,-8.00356674194336,Akt1_decoys_padel
C52907749,14.267656326293945,18.656618118286133,Akt1_decoys_padel
C58326817,16.867414474487305,-3.033515691757202,Akt1_decoys_padel
C67527810,5.688133716583252,-1.5210000276565552,Akt1_decoys_padel
C66802252,6.222063064575195,0.0508812740445137,Akt1_decoys_padel
C40315563,5.168544292449951,21.778623580932617,Akt1_decoys_padel
C02422581,-9.395530700683594,3.3375072479248047,Akt1_decoys_padel
C37209476,14.334124565124512,16.617511749267578,Akt1_decoys_padel
C00091451,-16.63224983215332,10.841019630432129,Akt1_decoys_padel
C20504512,19.376249313354492,-32.18832015991211,Akt1_decoys_padel
C57043264,14.95262622833252,0.21728089451789856,Akt1_decoys_padel
C20372763,7.448511123657227,28.578001022338867,Akt1_decoys_padel
C63588487,13.142892837524414,-22.56648063659668,Akt1_decoys_padel
C34765209,13.145157814025879,-6.648545742034912,Akt1_decoys_padel
C61697530,17.6901912689209,18.513090133666992,Akt1_decoys_padel
C08708057,3.348809003829956,-15.170575141906738,Akt1_decoys_padel
C63281124,-12.214578628540039,-9.293487548828125,Akt1_decoys_padel
C45295919,0.7407346963882446,11.62658977508545,Akt1_decoys_padel
C04281258,9.404513359069824,-15.3884916305542,Akt1_decoys_padel
C30721862,1.1807712316513062,-26.226491928100586,Akt1_decoys_padel
C59383328,-12.007390022277832,-18.685089111328125,Akt1_decoys_padel
C09303994,2.9917032718658447,3.097891330718994,Akt1_decoys_padel
C48025446,16.890892028808594,-1.8114559650421143,Akt1_decoys_padel
C02944456,10.0426607131958,-11.952573776245117,Akt1_decoys_padel
C40443808,-1.9428759813308716,29.512266159057617,Akt1_decoys_padel
C07736181,16.82073402404785,-7.49308967590332,Akt1_decoys_padel
C63795227,-4.066590785980225,-6.738565444946289,Akt1_decoys_padel
C43262064,14.1197509765625,22.828575134277344,Akt1_decoys_padel
C43259852,11.514324188232422,25.37052345275879,Akt1_decoys_padel
C08747515,-9.446657180786133,14.187884330749512,Akt1_decoys_padel
C08855422,4.006146430969238,-36.4034423828125,Akt1_decoys_padel
C37473317,-9.182631492614746,25.18648338317871,Akt1_decoys_padel
C53124828,8.599555015563965,1.0621312856674194,Akt1_decoys_padel
C30499949,7.316017150878906,0.7970758676528931,Akt1_decoys_padel
C63376388,-3.898470878601074,-11.540074348449707,Akt1_decoys_padel
C15018404,-16.53107261657715,-19.720184326171875,Akt1_decoys_padel
C01473797,7.882224082946777,-1.6320933103561401,Akt1_decoys_padel
C63350824,-1.284668207168579,4.338413715362549,Akt1_decoys_padel
C39531016,15.416974067687988,-22.99539566040039,Akt1_decoys_padel
C63884114,-2.7143361568450928,4.622836589813232,Akt1_decoys_padel
C57664360,14.346787452697754,14.450505256652832,Akt1_decoys_padel
C01856560,8.472789764404297,-2.2339937686920166,Akt1_decoys_padel
C39537868,2.842008352279663,-14.752817153930664,Akt1_decoys_padel
C08453079,-11.102856636047363,-23.924732208251953,Akt1_decoys_padel
C33771687,-1.9437904357910156,-19.482088088989258,Akt1_decoys_padel
C49574474,3.0500833988189697,22.3679256439209,Akt1_decoys_padel
C38775990,-11.509204864501953,3.1809465885162354,Akt1_decoys_padel
C18118822,17.533782958984375,13.954545021057129,Akt1_decoys_padel
C39657744,17.86516761779785,-32.02073669433594,Akt1_decoys_padel
C43335961,7.21083402633667,20.74149513244629,Akt1_decoys_padel
C63151129,-0.2032269537448883,4.6841044425964355,Akt1_decoys_padel
C40661707,0.18729163706302643,0.4565466344356537,Akt1_decoys_padel
C39632087,19.555456161499023,-30.915996551513672,Akt1_decoys_padel
C01823666,5.309828758239746,-17.131977081298828,Akt1_decoys_padel
C36298718,19.364547729492188,18.013256072998047,Akt1_decoys_padel
C06089404,-15.212053298950195,-13.712584495544434,Akt1_decoys_padel
C04177763,8.840886116027832,-31.978055953979492,Akt1_decoys_padel
C13424691,9.166083335876465,-35.71683120727539,Akt1_decoys_padel
C39972243,16.435476303100586,-5.16078519821167,Akt1_decoys_padel
C41076645,-16.860504150390625,-16.943050384521484,Akt1_decoys_padel
C01110865,-5.572543621063232,-21.82590675354004,Akt1_decoys_padel
C43554200,23.485427856445312,-34.43825912475586,Akt1_decoys_padel
C35032133,1.5035319328308105,-22.959774017333984,Akt1_decoys_padel
C44164176,25.09126091003418,-30.475479125976562,Akt1_decoys_padel
C42952068,9.597676277160645,21.9660701751709,Akt1_decoys_padel
C17967779,-6.944399356842041,24.704883575439453,Akt1_decoys_padel
C39628135,21.840396881103516,-7.987269878387451,Akt1_decoys_padel
C63530728,-2.345494031906128,-21.538925170898438,Akt1_decoys_padel
C38739638,15.190459251403809,-27.124265670776367,Akt1_decoys_padel
C39693577,23.00560760498047,-28.414321899414062,Akt1_decoys_padel
C63514555,-4.456188678741455,-22.122568130493164,Akt1_decoys_padel
C38545731,2.1128478050231934,-30.483232498168945,Akt1_decoys_padel
C65404456,-0.01731642335653305,2.3683996200561523,Akt1_decoys_padel
C67188402,15.42800235748291,-2.3938398361206055,Akt1_decoys_padel
C14005231,-13.813660621643066,0.1131541058421135,Akt1_decoys_padel
C39356214,-4.796591281890869,-2.680986166000366,Akt1_decoys_padel
C63374793,6.978693962097168,-39.29288864135742,Akt1_decoys_padel
C11667229,0.06464505940675735,-21.076749801635742,Akt1_decoys_padel
C63271410,-3.3829102516174316,-6.372790813446045,Akt1_decoys_padel
C43222434,14.673728942871094,-9.15128231048584,Akt1_decoys_padel
C20572202,8.350630760192871,-31.438644409179688,Akt1_decoys_padel
C19518310,-1.1274689435958862,30.57364845275879,Akt1_decoys_padel
C13024170,6.960170745849609,-17.217876434326172,Akt1_decoys_padel
C41223849,0.7826281189918518,12.022581100463867,Akt1_decoys_padel
C35703184,21.81965446472168,-35.436065673828125,Akt1_decoys_padel
C12483722,14.711341857910156,15.588592529296875,Akt1_decoys_padel
C36880836,4.829634189605713,23.380165100097656,Akt1_decoys_padel
C42636594,15.97514820098877,-5.580957889556885,Akt1_decoys_padel
C39695703,14.429699897766113,-34.62952423095703,Akt1_decoys_padel
C64220528,-10.998454093933105,7.812912464141846,Akt1_decoys_padel
C64220232,-2.143118381500244,23.76949691772461,Akt1_decoys_padel
C38590941,-2.2649943828582764,-22.26506233215332,Akt1_decoys_padel
C49526898,9.45561408996582,18.266237258911133,Akt1_decoys_padel
C04043958,-1.2782171964645386,-21.843791961669922,Akt1_decoys_padel
C01033173,-18.568178176879883,-3.70953631401062,Akt1_decoys_padel
C15830409,16.3831844329834,-25.56122589111328,Akt1_decoys_padel
C40138695,-0.4776332676410675,-18.00197410583496,Akt1_decoys_padel
C04726828,-15.756759643554688,4.244048595428467,Akt1_decoys_padel
C40621475,26.704374313354492,-30.778594970703125,Akt1_decoys_padel
C10061666,-2.142800807952881,1.7905504703521729,Akt1_decoys_padel
C30879661,9.491903305053711,-3.1125786304473877,Akt1_decoys_padel
C01410822,-10.644148826599121,-26.01681900024414,Akt1_decoys_padel
C13068636,7.581449508666992,-0.07073517143726349,Akt1_decoys_padel
C02249939,4.28497838973999,-38.29538345336914,Akt1_decoys_padel
C15030623,4.138882160186768,-19.455503463745117,Akt1_decoys_padel
C03651070,0.8540074229240417,15.159100532531738,Akt1_decoys_padel
C59016976,-19.71937370300293,6.285277843475342,Akt1_decoys_padel
C08763929,-14.59410572052002,0.1665395051240921,Akt1_decoys_padel
C39711817,-3.993858814239502,-12.325836181640625,Akt1_decoys_padel
C34698086,18.764270782470703,-30.589187622070312,Akt1_decoys_padel
C35427167,5.275138854980469,-38.77384948730469,Akt1_decoys_padel
C35760596,15.448406219482422,-33.71955108642578,Akt1_decoys_padel
C58341333,16.054853439331055,-2.902723789215088,Akt1_decoys_padel
C59935803,13.697070121765137,-9.946901321411133,Akt1_decoys_padel
C44817507,-0.2543376684188843,34.92898178100586,AmpC_decoys_padel
C00249507,-4.556827545166016,3.482328414916992,AmpC_decoys_padel
C01237102,-9.347454071044922,15.266034126281738,AmpC_decoys_padel
C33652149,-6.651658535003662,26.102216720581055,AmpC_decoys_padel
C63520864,-18.645423889160156,-13.842906951904297,AmpC_decoys_padel
C65874641,-11.865848541259766,10.453065872192383,AmpC_decoys_padel
C14375747,-23.97664451599121,4.930089950561523,AmpC_decoys_padel
C63476482,-13.56074333190918,10.850419044494629,AmpC_decoys_padel
C51631260,4.480600357055664,32.064369201660156,AmpC_decoys_padel
C71756407,9.674829483032227,-15.912820816040039,AmpC_decoys_padel
C30822665,-5.6378703117370605,25.370534896850586,AmpC_decoys_padel
C09046013,-10.502927780151367,9.760323524475098,AmpC_decoys_padel
C69144942,-2.776200771331787,24.398357391357422,AmpC_decoys_padel
C69907398,1.9925235509872437,32.37672805786133,AmpC_decoys_padel
C62843559,8.903546333312988,22.375638961791992,AmpC_decoys_padel
C26509211,-1.0843431949615479,32.41592025756836,AmpC_decoys_padel
C50330892,-10.1070556640625,30.857725143432617,AmpC_decoys_padel
C36927218,-7.420083045959473,30.433765411376953,AmpC_decoys_padel
C49049223,-9.222346305847168,23.700166702270508,AmpC_decoys_padel
C36240751,-5.1005048751831055,31.01028060913086,AmpC_decoys_padel
C31258158,6.325606346130371,16.247238159179688,AmpC_decoys_padel
C71475064,-3.398414134979248,18.449514389038086,AmpC_decoys_padel
C22113149,-12.108844757080078,16.533594131469727,AmpC_decoys_padel
C71774087,7.752688407897949,35.43281936645508,AmpC_decoys_padel
C51037092,-25.657875061035156,12.329614639282227,AmpC_decoys_padel
C48279979,-10.990456581115723,5.202334403991699,AmpC_decoys_padel
C69951460,1.0969865322113037,-0.5928886532783508,AmpC_decoys_padel
C65650516,-23.017351150512695,9.167717933654785,AmpC_decoys_padel
C37655700,6.168848514556885,22.730449676513672,AmpC_decoys_padel
C48486869,-6.9266767501831055,23.454748153686523,AmpC_decoys_padel
C54930973,-10.867340087890625,28.916414260864258,AmpC_decoys_padel
C13638055,-8.70775032043457,14.269189834594727,AmpC_decoys_padel
C69980138,4.408316135406494,34.15665054321289,AmpC_decoys_padel
C71577553,-1.6258465051651,17.740480422973633,AmpC_decoys_padel
C65650520,-22.24091148376465,7.957663536071777,AmpC_decoys_padel
C59249695,3.9296021461486816,3.587914228439331,AmpC_decoys_padel
C09593433,-24.45614242553711,1.2943508625030518,AmpC_decoys_padel
C37742056,10.044198989868164,32.531864166259766,AmpC_decoys_padel
C37834682,11.044466018676758,34.672142028808594,AmpC_decoys_padel
C45168180,11.278097152709961,31.973724365234375,AmpC_decoys_padel
C13739389,-8.679689407348633,4.530201435089111,AmpC_decoys_padel
C62323613,4.8143486976623535,29.503129959106445,AmpC_decoys_padel
C09951054,-24.44412612915039,5.090273380279541,AmpC_decoys_padel
C37070726,-1.9103858470916748,31.141292572021484,AmpC_decoys_padel
C48794375,-26.911420822143555,12.073328018188477,AmpC_decoys_padel
C71548688,10.832316398620605,30.847198486328125,AmpC_decoys_padel
C71720451,6.427452564239502,25.932891845703125,AmpC_decoys_padel
C65651272,-11.991716384887695,9.245548248291016,AmpC_decoys_padel
C04337607,-19.440513610839844,9.197929382324219,AmpC_decoys_padel
C63235788,-9.048077583312988,6.503364562988281,AmpC_decoys_padel
C49162425,5.078625679016113,22.611501693725586,AmpC_decoys_padel
C04436256,-7.084315776824951,1.4535419940948486,AmpC_decoys_padel
C41262041,-25.365266799926758,10.701187133789062,AmpC_decoys_padel
C37515543,-1.850022554397583,28.405187606811523,AmpC_decoys_padel
C48628234,-2.6700239181518555,37.31807327270508,AmpC_decoys_padel
C05921439,-23.725996017456055,8.866012573242188,AmpC_decoys_padel
C71319934,5.03412389755249,26.532739639282227,AmpC_decoys_padel
C61374472,-14.044994354248047,-0.6202762722969055,AmpC_decoys_padel
C52818916,-6.985803604125977,4.770288467407227,AmpC_decoys_padel
C68610301,2.476912021636963,0.7502648830413818,AmpC_decoys_padel
C40558001,11.847334861755371,34.74944305419922,AmpC_decoys_padel
C35355097,-7.851295471191406,34.96054458618164,AmpC_decoys_padel
C22358546,-17.403717041015625,-1.3864189386367798,AmpC_decoys_padel
C20344738,-12.566896438598633,4.638789176940918,AmpC_decoys_padel
C12429170,5.037905216217041,26.137413024902344,AmpC_decoys_padel
C37471331,0.46317464113235474,30.52621841430664,AmpC_decoys_padel
C35424947,-5.792333126068115,25.981666564941406,AmpC_decoys_padel
C59426731,-19.530683517456055,2.285268783569336,AmpC_decoys_padel
C26765007,-18.467899322509766,9.047595977783203,AmpC_decoys_padel
C41038179,2.9169468879699707,25.929290771484375,AmpC_decoys_padel
C55607151,0.07770644873380661,24.427335739135742,AmpC_decoys_padel
C39733109,-12.236105918884277,13.571582794189453,AmpC_decoys_padel
C51286571,10.2694091796875,34.491947174072266,AmpC_decoys_padel
C71676160,-14.152078628540039,16.463401794433594,AmpC_decoys_padel
C66730346,7.519994258880615,-6.055451393127441,AmpC_decoys_padel
C70054920,-7.874866008758545,31.617557525634766,AmpC_decoys_padel
C54931059,-11.537178039550781,28.291236877441406,AmpC_decoys_padel
C61174106,9.64468765258789,25.28322982788086,AmpC_decoys_padel
C21596355,0.8531450629234314,27.519901275634766,AmpC_decoys_padel
C06045573,-16.08526611328125,-13.072860717773438,AmpC_decoys_padel
C36865407,3.2468953132629395,30.668537139892578,AmpC_decoys_padel
C37560106,8.39149284362793,30.079700469970703,AmpC_decoys_padel
C42144196,10.810425758361816,33.46460723876953,AmpC_decoys_padel
C23041822,-23.036855697631836,0.8058400750160217,AmpC_decoys_padel
C62913628,10.064807891845703,31.073698043823242,AmpC_decoys_padel
C71285579,-23.03138542175293,4.665022373199463,AmpC_decoys_padel
C17533368,10.334797859191895,37.632957458496094,AmpC_decoys_padel
C49925209,-14.12360954284668,15.648174285888672,AmpC_decoys_padel
C67956246,3.8171510696411133,1.2771719694137573,AmpC_decoys_padel
C55607559,1.6448837518692017,23.64780044555664,AmpC_decoys_padel
C08927444,-6.251806735992432,30.311452865600586,AmpC_decoys_padel
C49594565,3.2334072589874268,32.11860656738281,AmpC_decoys_padel
C04149778,-27.44301986694336,13.094090461730957,AmpC_decoys_padel
C41665048,1.202962040901184,32.872745513916016,AmpC_decoys_padel
C42144547,-27.440431594848633,11.615739822387695,AmpC_decoys_padel
C30725265,1.8792673349380493,37.7325439453125,AmpC_decoys_padel
C58285425,-15.252915382385254,11.169713020324707,AmpC_decoys_padel
C71716712,-1.070841670036316,26.415699005126953,AmpC_decoys_padel
C71548631,-6.287293910980225,29.61565399169922,AmpC_decoys_padel
C49175419,-27.96155548095703,12.997127532958984,AmpC_decoys_padel
C41631356,-10.759902954101562,6.460397720336914,AmpC_decoys_padel
C36646400,8.522858619689941,27.587665557861328,AmpC_decoys_padel
C06021875,-9.536556243896484,35.17560958862305,AmpC_decoys_padel
C59109319,-21.234041213989258,5.322206974029541,AmpC_decoys_padel
C62963140,8.903420448303223,32.329627990722656,AmpC_decoys_padel
C69701096,-0.01591961458325386,14.479175567626953,AmpC_decoys_padel
C40176456,-9.151904106140137,30.346925735473633,AmpC_decoys_padel
C19851744,-7.640984058380127,36.19974899291992,AmpC_decoys_padel
C55607229,-6.056903839111328,24.499866485595703,AmpC_decoys_padel
C13837528,-14.28109073638916,5.339199066162109,AmpC_decoys_padel
C55151152,5.48583984375,4.581522464752197,AmpC_decoys_padel
C38596623,9.255105018615723,30.73221206665039,AmpC_decoys_padel
C07699123,-13.030900001525879,14.766349792480469,AmpC_decoys_padel
C04206588,-3.411987543106079,32.47320556640625,AmpC_decoys_padel
C08671076,-15.313202857971191,13.330105781555176,AmpC_decoys_padel
C55668562,-13.691778182983398,8.266722679138184,AmpC_decoys_padel
C66002707,-14.48074722290039,6.554564476013184,AmpC_decoys_padel
C32501662,-6.336116313934326,31.11661720275879,AmpC_decoys_padel
C71766673,-7.646512508392334,28.961374282836914,AmpC_decoys_padel
C04732544,-11.925134658813477,6.733295917510986,AmpC_decoys_padel
C40035886,11.204886436462402,-36.3375244140625,HIVpr_decoys_padel
C39732603,8.709405899047852,-24.283655166625977,HIVpr_decoys_padel
C16246885,0.5516550540924072,-12.847224235534668,HIVpr_decoys_padel
C35897722,10.034016609191895,-34.87215805053711,HIVpr_decoys_padel
C40123334,5.3895416259765625,-16.176055908203125,HIVpr_decoys_padel
C27749978,8.506433486938477,26.362443923950195,HIVpr_decoys_padel
C59169626,25.844009399414062,-30.135210037231445,HIVpr_decoys_padel
C33481052,-13.133501052856445,-28.169307708740234,HIVpr_decoys_padel
C48325159,-12.386507987976074,-14.804540634155273,HIVpr_decoys_padel
C26127808,-12.733638763427734,-20.43740463256836,HIVpr_decoys_padel
C09332356,-7.790416717529297,-14.864835739135742,HIVpr_decoys_padel
C65742761,-7.515720367431641,-31.396413803100586,HIVpr_decoys_padel
C06419117,-16.027551651000977,15.272276878356934,HIVpr_decoys_padel
C32127824,-25.272167205810547,6.205501556396484,HIVpr_decoys_padel
C41641133,-5.251009941101074,24.153100967407227,HIVpr_decoys_padel
C20302119,-25.469999313354492,9.84886360168457,HIVpr_decoys_padel
C49589874,2.2272210121154785,-24.12477684020996,HIVpr_decoys_padel
C50999985,5.20670223236084,19.741477966308594,HIVpr_decoys_padel
C36306009,20.369918823242188,-30.78647804260254,HIVpr_decoys_padel
C12467587,-6.932246208190918,-22.317081451416016,HIVpr_decoys_padel
C16933919,-14.957209587097168,5.095662593841553,HIVpr_decoys_padel
C01909538,-7.2591233253479,-25.466859817504883,HIVpr_decoys_padel
C59461849,-12.587007522583008,-22.31920051574707,HIVpr_decoys_padel
C14662968,-14.633365631103516,-2.9697623252868652,HIVpr_decoys_padel
C34778555,-1.7503466606140137,-30.090557098388672,HIVpr_decoys_padel
C03254295,-8.10979175567627,-22.870241165161133,HIVpr_decoys_padel
C02295920,-4.681076526641846,-26.75998878479004,HIVpr_decoys_padel
C19945700,-16.406457901000977,-10.494874954223633,HIVpr_decoys_padel
C28854996,5.292783260345459,-19.97077751159668,HIVpr_decoys_padel
C40092045,14.855550765991211,-32.798892974853516,HIVpr_decoys_padel
C36052722,-1.7594259977340698,-28.918607711791992,HIVpr_decoys_padel
C08918711,21.11188316345215,-33.68092727661133,HIVpr_decoys_padel
C61997038,-13.465001106262207,-4.487637519836426,HIVpr_decoys_padel
C33813164,8.564095497131348,-34.49694061279297,HIVpr_decoys_padel
C16910010,-12.328944206237793,5.906108856201172,HIVpr_decoys_padel
C02607058,-14.373644828796387,-19.71179962158203,HIVpr_decoys_padel
C40401143,-1.7042279243469238,-24.82863998413086,HIVpr_decoys_padel
C09696617,5.363409996032715,2.1022958755493164,HIVpr_decoys_padel
C36308963,-14.963205337524414,-15.104369163513184,HIVpr_decoys_padel
C40019685,14.422016143798828,-35.76393127441406,HIVpr_decoys_padel
C03831493,12.852490425109863,-41.29624938964844,HIVpr_decoys_padel
C16913183,1.0215590000152588,-11.419755935668945,HIVpr_decoys_padel
C13827607,22.707904815673828,-33.76082229614258,HIVpr_decoys_padel
C35697508,-10.5000638961792,-25.145132064819336,HIVpr_decoys_padel
C36572228,27.503740310668945,-28.897119522094727,HIVpr_decoys_padel
C35656195,22.46234130859375,-36.38035202026367,HIVpr_decoys_padel
C09010553,-18.128992080688477,-17.708831787109375,HIVpr_decoys_padel
C65036566,-10.149223327636719,-22.56026840209961,HIVpr_decoys_padel
C57316041,-15.846611022949219,-17.00795555114746,HIVpr_decoys_padel
C05784621,-15.67800235748291,20.5023250579834,HIVpr_decoys_padel
C09674099,-2.248682737350464,-25.606563568115234,HIVpr_decoys_padel
C38616883,-26.206485748291016,5.44808292388916,HIVpr_decoys_padel
C43221914,15.871685981750488,-37.68330764770508,HIVpr_decoys_padel
C31164649,6.567106246948242,-21.542434692382812,HIVpr_decoys_padel
C36053709,-1.2840609550476074,-29.5623779296875,HIVpr_decoys_padel
C20582730,-27.7304630279541,9.579968452453613,HIVpr_decoys_padel
C14543650,4.974050521850586,-35.55352783203125,HIVpr_decoys_padel
C35898312,20.125335693359375,-34.84829330444336,HIVpr_decoys_padel
C55028194,6.436774730682373,-37.981075286865234,HIVpr_decoys_padel
C35656186,22.93486213684082,-36.81889343261719,HIVpr_decoys_padel
C16688214,-22.053781509399414,-1.8281781673431396,HIVpr_decoys_padel
C34905359,15.363120079040527,-25.056297302246094,HIVpr_decoys_padel
C09270550,-11.537038803100586,-22.443452835083008,HIVpr_decoys_padel
C08930661,2.1431169509887695,-16.584463119506836,HIVpr_decoys_padel
C32972337,2.226407289505005,-13.58031940460205,HIVpr_decoys_padel
C21161263,13.610568046569824,-33.575538635253906,HIVpr_decoys_padel
C16434769,21.251161575317383,-32.105010986328125,HIVpr_decoys_padel
C38616856,-8.116847038269043,-24.24979591369629,HIVpr_decoys_padel
C59135403,-22.31243324279785,-1.0315395593643188,HIVpr_decoys_padel
C20833831,-19.524578094482422,0.8145363330841064,HIVpr_decoys_padel
C20918734,16.864891052246094,-35.358245849609375,HIVpr_decoys_padel
C12885428,11.685633659362793,-38.15998077392578,HIVpr_decoys_padel
C05296449,4.498788356781006,36.86573791503906,HIVpr_decoys_padel
C08932893,15.632474899291992,-22.000991821289062,HIVpr_decoys_padel
C59168494,-0.7260943055152893,-26.27352523803711,HIVpr_decoys_padel
C08792799,-16.163549423217773,-18.178367614746094,HIVpr_decoys_padel
C34923501,-4.5697712898254395,-25.042160034179688,HIVpr_decoys_padel
C38683921,11.556282997131348,-35.31943130493164,HIVpr_decoys_padel
C00712283,-22.63971710205078,0.32144203782081604,HIVpr_decoys_padel
C03175156,0.12051692605018616,-12.542427062988281,HIVpr_decoys_padel
C59331443,-4.766096591949463,-23.826068878173828,HIVpr_decoys_padel
C19642141,-17.543289184570312,-6.58153772354126,HIVpr_decoys_padel
C59016607,-5.799511909484863,-15.595417976379395,HIVpr_decoys_padel
C14647452,-13.921549797058105,7.2446393966674805,HIVpr_decoys_padel
C23555868,-15.339713096618652,9.366684913635254,HIVpr_decoys_padel
C21326883,-11.812365531921387,-3.1679768562316895,HIVpr_decoys_padel
C02712463,-12.477813720703125,-1.1619609594345093,HIVpr_decoys_padel
C13218054,-19.61328125,-15.501704216003418,HIVpr_decoys_padel
C36506473,24.48641586303711,-33.455406188964844,HIVpr_decoys_padel
C28822540,-3.554234027862549,-26.809507369995117,HIVpr_decoys_padel
C35861756,12.545358657836914,-34.36299514770508,HIVpr_decoys_padel
C39913259,10.187568664550781,-36.063087463378906,HIVpr_decoys_padel
C10048476,8.547938346862793,-36.49067306518555,HIVpr_decoys_padel
C13273831,-25.353912353515625,9.166004180908203,HIVpr_decoys_padel
C39997779,-14.569990158081055,-14.516819953918457,HIVpr_decoys_padel
C09971062,-14.65997314453125,-26.72039031982422,HIVpr_decoys_padel
C14360683,-3.8380486965179443,-25.829788208007812,HIVpr_decoys_padel
C09669883,0.08653082698583603,-23.107275009155273,HIVpr_decoys_padel
C40983934,18.558568954467773,-32.7001838684082,HIVpr_decoys_padel
C59366055,-11.367839813232422,-20.39361572265625,HIVpr_decoys_padel
C59891855,1.491226077079773,-16.582454681396484,HIVpr_decoys_padel
C36206081,17.35936164855957,-26.298625946044922,HIVpr_decoys_padel
C16612109,0.115597665309906,-16.62261390686035,HIVpr_decoys_padel
C08872234,-21.62919044494629,16.077728271484375,HIVpr_decoys_padel
C13400374,21.9362735748291,-29.76298713684082,HIVpr_decoys_padel
C39843108,-0.3045729398727417,-15.069499969482422,HIVpr_decoys_padel
C20178147,-14.778214454650879,-9.850625991821289,HIVpr_decoys_padel
C39324736,-12.62705135345459,-24.612625122070312,HIVpr_decoys_padel
C01866730,11.754204750061035,-40.78369903564453,HIVpr_decoys_padel
C20106460,12.883003234863281,-36.253746032714844,HIVpr_decoys_padel
C13198087,0.5698279738426208,-19.126304626464844,HIVpr_decoys_padel
C22181047,-20.492061614990234,3.4927852153778076,HIVpr_decoys_padel
C13256278,-16.657737731933594,-13.852934837341309,HIVpr_decoys_padel
C12769942,-5.3136396408081055,-22.67394256591797,HIVpr_decoys_padel
C06192636,-20.23944854736328,8.078110694885254,HIVpr_decoys_padel
C59730880,-4.436919212341309,15.239380836486816,HIVpr_decoys_padel
C14543671,13.916234970092773,-12.051501274108887,HIVpr_decoys_padel
C44369181,8.772336959838867,-11.456215858459473,HIVpr_decoys_padel
C01655010,-5.957584381103516,-31.40748405456543,HIVpr_decoys_padel
C04190710,14.059732437133789,-32.92672348022461,HIVpr_decoys_padel
Sulindac (Clinoril),-5.960785865783691,2.2148330211639404,Selleck_filtered_padel_corrected
Valaciclovir HCl,12.86986255645752,4.613357067108154,Selleck_filtered_padel_corrected
Ramelteon (TAK-375),9.042913436889648,14.606483459472656,Selleck_filtered_padel_corrected
AC480 (BMS-599626),3.165605306625366,-35.21217346191406,Selleck_filtered_padel_corrected
Jervine,9.528018951416016,-27.803464889526367,Selleck_filtered_padel_corrected
Difluprednate,19.393585205078125,-36.95976257324219,Selleck_filtered_padel_corrected
Tiratricol,-28.311429977416992,9.114724159240723,Selleck_filtered_padel_corrected
ONX-0914 (PR-957),17.8857421875,-37.41682815551758,Selleck_filtered_padel_corrected
NPI-2358 (Plinabulin),6.064766883850098,2.963972330093384,Selleck_filtered_padel_corrected
FRAX597,4.544312000274658,-37.602176666259766,Selleck_filtered_padel_corrected
Avanafil,-4.790647983551025,-17.830307006835938,Selleck_filtered_padel_corrected
Tirofiban Hydrochloride,13.572225570678711,-37.60155487060547,Selleck_filtered_padel_corrected
i-Inositol,9.100438117980957,38.88014221191406,Selleck_filtered_padel_corrected
Delanzomib (CEP-18770),7.914463996887207,-7.423744201660156,Selleck_filtered_padel_corrected
NXY-059 (Disufenton sodium),12.736371040344238,7.99627685546875,Selleck_filtered_padel_corrected
ZK756326 2HCl,-3.2764081954956055,6.648065567016602,Selleck_filtered_padel_corrected
nialamide,5.943659782409668,31.62211036682129,Selleck_filtered_padel_corrected
WZ 811,9.026698112487793,16.0279541015625,Selleck_filtered_padel_corrected
Acipimox,1.936290979385376,39.75408172607422,Selleck_filtered_padel_corrected
Clodronate Disodium,13.043052673339844,8.984750747680664,Selleck_filtered_padel_corrected
RO4929097,5.032617568969727,-21.39222526550293,Selleck_filtered_padel_corrected
LMK-235,12.307992935180664,29.174354553222656,Selleck_filtered_padel_corrected
PLX-4720,-20.357023239135742,1.5958656072616577,Selleck_filtered_padel_corrected
Methyldopa (Aldomet),7.503241062164307,38.434326171875,Selleck_filtered_padel_corrected
Smoothened Agonist (SAG) HCl,-1.1715244054794312,-32.85563278198242,Selleck_filtered_padel_corrected
TAK-632,-11.403093338012695,-26.84971046447754,Selleck_filtered_padel_corrected
RI-1,-13.579023361206055,13.178340911865234,Selleck_filtered_padel_corrected
"Serabelisib (INK-1117,MLN-1117,TAK-117)",-6.34044075012207,-0.2829305827617645,Selleck_filtered_padel_corrected
Icariin,14.156126022338867,-41.4345817565918,Selleck_filtered_padel_corrected
Deguelin,6.87379264831543,-37.46465301513672,Selleck_filtered_padel_corrected
CFI-400945,-4.606306552886963,-13.91313362121582,Selleck_filtered_padel_corrected
Hydroquinone,3.8972506523132324,41.769920349121094,Selleck_filtered_padel_corrected
LY335979 (Zosuquidar trihydrochloride),14.01756477355957,-39.227622985839844,Selleck_filtered_padel_corrected
Novobiocin sodium (Albamycin),16.03529930114746,-41.270389556884766,Selleck_filtered_padel_corrected
Paeoniflorin,16.34511947631836,-38.16667938232422,Selleck_filtered_padel_corrected
Oclacitinib maleate,11.464544296264648,3.853187084197998,Selleck_filtered_padel_corrected
Rilpivirine,-3.8270647525787354,0.9213234186172485,Selleck_filtered_padel_corrected
GW0742,-17.554386138916016,-6.174574851989746,Selleck_filtered_padel_corrected
arbinoxaMine Maleate,12.730939865112305,4.589677333831787,Selleck_filtered_padel_corrected
Tepotinib (EMD 1214063),11.45688533782959,-26.08864402770996,Selleck_filtered_padel_corrected
Chloramphenicol (Chloromycetin),-2.6709160804748535,24.75852394104004,Selleck_filtered_padel_corrected
Ursolic acid (Malol),25.21800422668457,-36.30778884887695,Selleck_filtered_padel_corrected
Melatonin,3.4894275665283203,29.97833251953125,Selleck_filtered_padel_corrected
Latrepirdine 2HCl,18.4621639251709,16.282907485961914,Selleck_filtered_padel_corrected
"MK-886 (L-663,536)",-18.50775146484375,-1.2227360010147095,Selleck_filtered_padel_corrected
BIX 02189,5.244365215301514,-25.20555877685547,Selleck_filtered_padel_corrected
ETP-46464,3.420707941055298,-38.35243606567383,Selleck_filtered_padel_corrected
AZD8186,1.6788806915283203,-25.762903213500977,Selleck_filtered_padel_corrected
Cetrimonium Bromide,25.423980712890625,16.734270095825195,Selleck_filtered_padel_corrected
Meglumine,10.189371109008789,38.74415969848633,Selleck_filtered_padel_corrected
Tenofovir Alafenamide (GS-7340),4.597067356109619,-18.138269424438477,Selleck_filtered_padel_corrected
Resveratrol,1.9829710721969604,31.357473373413086,Selleck_filtered_padel_corrected
Lopinavir (ABT-378),18.621946334838867,-38.21049499511719,Selleck_filtered_padel_corrected
XMD16-5,0.025124508887529373,-22.896160125732422,Selleck_filtered_padel_corrected
TGR-1202,-13.098515510559082,-26.86209487915039,Selleck_filtered_padel_corrected
Pilaralisib (XL147),-5.852570056915283,-31.180023193359375,Selleck_filtered_padel_corrected
GSK2830371,4.434091567993164,-14.849587440490723,Selleck_filtered_padel_corrected
Ozagrel,-0.12579485774040222,32.37477493286133,Selleck_filtered_padel_corrected
XL413 (BMS-863233),-8.748446464538574,11.438497543334961,Selleck_filtered_padel_corrected
Dextromethorphan (hydrobromide hydrate),14.661662101745605,2.394423007965088,Selleck_filtered_padel_corrected
Argatroban,14.95120620727539,-30.02237319946289,Selleck_filtered_padel_corrected
Sulfamethazine,3.929325580596924,24.0155029296875,Selleck_filtered_padel_corrected
NMS-P118,8.741314888000488,-0.38136929273605347,Selleck_filtered_padel_corrected
FH1(BRD-K4477),9.234731674194336,23.20746421813965,Selleck_filtered_padel_corrected
Amiloride hydrochloride dihydrate,5.739743232727051,37.485652923583984,Selleck_filtered_padel_corrected
UNC2881,14.877212524414062,-25.966445922851562,Selleck_filtered_padel_corrected
Piperine (1-Piperoylpiperidine),8.544387817382812,15.22995662689209,Selleck_filtered_padel_corrected
SBC-115076,12.60631275177002,-35.18126678466797,Selleck_filtered_padel_corrected
TW-37,20.509506225585938,-37.165889739990234,Selleck_filtered_padel_corrected
ML264,5.933548450469971,5.689571857452393,Selleck_filtered_padel_corrected
"Duvelisib (IPI-145, INK1197)",-13.197093963623047,-14.126407623291016,Selleck_filtered_padel_corrected
Scoparone,4.901236057281494,-39.82678985595703,Selleck_filtered_padel_corrected
Suprofen (Profenal),-2.273838520050049,30.44961166381836,Selleck_filtered_padel_corrected
AZD2858,-1.4423048496246338,-18.207687377929688,Selleck_filtered_padel_corrected
Vidofludimus,-5.842955112457275,4.650975227355957,Selleck_filtered_padel_corrected
Org 27569,12.983804702758789,-10.629953384399414,Selleck_filtered_padel_corrected
Decitabine,1.9694783687591553,33.54277420043945,Selleck_filtered_padel_corrected
Atropine sulfate monohydrate,16.33185577392578,-41.22085189819336,Selleck_filtered_padel_corrected
Trelagliptin,4.664896488189697,1.0320817232131958,Selleck_filtered_padel_corrected
Rufinamide (Banzel),-5.534052848815918,29.586069107055664,Selleck_filtered_padel_corrected
Palmatine chloride,5.588245868682861,-11.46858024597168,Selleck_filtered_padel_corrected
Phenindione (Rectadione),-3.1993672847747803,33.6959228515625,Selleck_filtered_padel_corrected
Danusertib (PHA-739358),13.241191864013672,-24.942773818969727,Selleck_filtered_padel_corrected
CPI-455 HCl,-11.964734077453613,-14.308079719543457,Selleck_filtered_padel_corrected
Carzenide,1.1927058696746826,37.49806213378906,Selleck_filtered_padel_corrected
D-Mannitol (Osmitrol),9.671252250671387,39.08759307861328,Selleck_filtered_padel_corrected
Daidzein,-4.816648483276367,19.695266723632812,Selleck_filtered_padel_corrected
MG-132,26.213682174682617,-27.843250274658203,Selleck_filtered_padel_corrected
Kaempferol,-12.015835762023926,11.702208518981934,Selleck_filtered_padel_corrected
Diminazene Aceturate,10.671375274658203,5.364846229553223,Selleck_filtered_padel_corrected
Etretinate,-3.387939453125,-1.317962408065796,Selleck_filtered_padel_corrected
3BDO,12.213335037231445,3.392670154571533,Selleck_filtered_padel_corrected
Tamibarotene,9.512097358703613,-5.969359397888184,Selleck_filtered_padel_corrected
Methscopolamine (Pamine),13.627849578857422,2.6781463623046875,Selleck_filtered_padel_corrected
Sodium orthovanadate,13.331787109375,9.674674034118652,Selleck_filtered_padel_corrected
Nintedanib (BIBF 1120),12.013339042663574,-37.14726257324219,Selleck_filtered_padel_corrected
Acetohydroxamic acid,4.7610368728637695,36.58245849609375,Selleck_filtered_padel_corrected
GW-842166X,-16.01317596435547,-1.7386865615844727,Selleck_filtered_padel_corrected
Eslicarbazepine Acetate,4.120543003082275,42.51850509643555,Selleck_filtered_padel_corrected
Flupirtine maleate,11.547165870666504,5.251528739929199,Selleck_filtered_padel_corrected
Dyngo-4a,-6.563268184661865,7.14289665222168,Selleck_filtered_padel_corrected
AZD6482,1.9976162910461426,-14.883943557739258,Selleck_filtered_padel_corrected
PF-04418948,1.6522120237350464,-11.137868881225586,Selleck_filtered_padel_corrected
(R)-baclofen,2.219346523284912,34.914703369140625,Selleck_filtered_padel_corrected
GSK180736A,-0.9434938430786133,-13.766446113586426,Selleck_filtered_padel_corrected
AR-42 (HDAC-42),7.296837329864502,17.79509162902832,Selleck_filtered_padel_corrected
Eflornithine hydrochloride hydrate,8.424384117126465,38.9987907409668,Selleck_filtered_padel_corrected
AMG319,-12.701603889465332,-12.788578987121582,Selleck_filtered_padel_corrected
Betulinic acid,25.264896392822266,-36.38134002685547,Selleck_filtered_padel_corrected
Aminothiazole,3.2335917949676514,42.5340461730957,Selleck_filtered_padel_corrected
Thiotepa (Thioplex),-2.3180296421051025,39.72159194946289,Selleck_filtered_padel_corrected
MK-2206 dihydrochloride,-1.3092174530029297,-33.00633239746094,Selleck_filtered_padel_corrected
Biapenem,2.8574059009552,1.9723646640777588,Selleck_filtered_padel_corrected
GSK429286A,-17.483755111694336,-7.686247825622559,Selleck_filtered_padel_corrected
Trifluoperazine 2HCl,7.104158401489258,-8.403338432312012,Selleck_filtered_padel_corrected
Chaetocin,6.49641227722168,-33.93300247192383,Selleck_filtered_padel_corrected
LY2811376,-11.382742881774902,13.156864166259766,Selleck_filtered_padel_corrected
Carbazochrome sodium sulfonate,12.265628814697266,7.017245769500732,Selleck_filtered_padel_corrected
Efaproxiral sodium,13.650690078735352,5.55510139465332,Selleck_filtered_padel_corrected
Chloroxine,-9.17003345489502,31.779876708984375,Selleck_filtered_padel_corrected
OSM-S-157,5.473339080810547,40.5792236328125,Series3_6.15.17_padel
OSM-S-136,-20.016202926635742,20.282556533813477,Series3_6.15.17_padel
OSM-S-133,-19.689435958862305,22.683311462402344,Series3_6.15.17_padel
OSM-S-137,-15.37240219116211,-26.034133911132812,Series3_6.15.17_padel
OSM-S-78,-19.474899291992188,14.816819190979004,Series3_6.15.17_padel
OSM-S-146,21.51350975036621,26.90703010559082,Series3_6.15.17_padel
OSM-S-129,-15.484445571899414,22.17755889892578,Series3_6.15.17_padel
OSM-S-77,-20.334794998168945,19.611778259277344,Series3_6.15.17_padel
OSM-S-79,-14.838689804077148,20.879533767700195,Series3_6.15.17_padel
TF8-1,-17.095718383789062,14.874313354492188,Series3_6.15.17_padel
OSM-S-173,-12.061992645263672,36.293521881103516,Series3_6.15.17_padel
OSM-S-171,-2.8480660915374756,41.05461883544922,Series3_6.15.17_padel
TF17-1,-16.31975555419922,20.458009719848633,Series3_6.15.17_padel
OSM-S-70,-3.8994686603546143,40.982582092285156,Series3_6.15.17_padel
OSM-S-140,-14.788068771362305,34.21268081665039,Series3_6.15.17_padel
OSM-S-167,-15.12917423248291,33.77843475341797,Series3_6.15.17_padel
OSM-S-145,-18.971139907836914,21.675701141357422,Series3_6.15.17_padel
OSM-S-174,-3.8012490272521973,34.61787414550781,Series3_6.15.17_padel
OSM-S-124,-21.955747604370117,22.162628173828125,Series3_6.15.17_padel
OSM-S-106,-15.679237365722656,22.749170303344727,Series3_6.15.17_padel
OSM-S-131,-15.429997444152832,25.818628311157227,Series3_6.15.17_padel
TF18-1,-19.54684829711914,21.21038055419922,Series3_6.15.17_padel
OSM-S-69,-3.5570764541625977,38.0662841796875,Series3_6.15.17_padel
OSM-S-125,-16.64204978942871,31.00086212158203,Series3_6.15.17_padel
OSM-S-168,-4.0226521492004395,39.49457931518555,Series3_6.15.17_padel
TF7-1,-17.167009353637695,18.652883529663086,Series3_6.15.17_padel
OSM-S-134,-23.242630004882812,19.749244689941406,Series3_6.15.17_padel
OSM-S-139,-15.031922340393066,34.674652099609375,Series3_6.15.17_padel
OSM-S-66,-2.8566389083862305,38.68286895751953,Series3_6.15.17_padel
OSM-S-141,-5.367057800292969,38.39965057373047,Series3_6.15.17_padel
OSM-S-144,-20.026533126831055,19.19599151611328,Series3_6.15.17_padel
OSM-S-170,-16.262420654296875,31.453842163085938,Series3_6.15.17_padel
OSM-S-118,-14.296536445617676,27.391714096069336,Series3_6.15.17_padel
OSM-S-135,-15.193920135498047,24.272605895996094,Series3_6.15.17_padel
OSM-S-169,-15.641348838806152,32.408687591552734,Series3_6.15.17_padel
OSM-S-67,0.8543907403945923,29.1313533782959,Series3_6.15.17_padel
OSM-S-130,-19.938661575317383,22.99738311767578,Series3_6.15.17_padel
OSM-S-120,-17.086999893188477,30.41727066040039,Series3_6.15.17_padel
TF4-1,-18.0520076751709,19.640655517578125,Series3_6.15.17_padel
OSM-S-119,-18.635967254638672,30.604372024536133,Series3_6.15.17_padel
OSM-S-153,20.68352699279785,26.87737464904785,Series3_6.15.17_padel
OSM-S-159,-17.815330505371094,31.15234375,Series3_6.15.17_padel
OSM-S-71,-3.135451078414917,40.620052337646484,Series3_6.15.17_padel
OSM-S-156,10.0089693069458,36.158878326416016,Series3_6.15.17_padel
OSM-S-132,-22.723875045776367,20.809284210205078,Series3_6.15.17_padel
TF3-1,-16.48307991027832,21.80873680114746,Series3_6.15.17_padel
TF16-1,-21.373550415039062,18.99661636352539,Series3_6.15.17_padel
OSM-S-158,-9.107048988342285,34.6172981262207,Series3_6.15.17_padel
OSM-S-80,-15.837226867675781,-25.677669525146484,Series3_6.15.17_padel
OSM-S-76,-15.484427452087402,19.647171020507812,Series3_6.15.17_padel
OSM-S-128,-19.549083709716797,24.178239822387695,Series3_6.15.17_padel
OSM-S-142,-22.831323623657227,19.46574592590332,Series3_6.15.17_padel
OSM-S-65,-17.29872703552246,34.695674896240234,Series3_6.15.17_padel
OSM-S-72,-19.35643768310547,17.849746704101562,Series3_6.15.17_padel
OSM-S-74,-20.781984329223633,16.273548126220703,Series3_6.15.17_padel
OSM-S-152,20.41289520263672,26.908769607543945,Series3_6.15.17_padel
OSM-S-123,-14.67281436920166,26.767166137695312,Series3_6.15.17_padel
OSM-S-151,20.40388298034668,27.09429931640625,Series3_6.15.17_padel
OSM-S-73,-25.71989631652832,12.866218566894531,Series3_6.15.17_padel
OSM-S-75,-22.94229507446289,18.53186798095703,Series3_6.15.17_padel
OSM-S-154,-9.625834465026855,36.123130798339844,Series3_6.15.17_padel
OSM-S-64,-4.2133097648620605,35.80107116699219,Series3_6.15.17_padel
OSM-S-172,-4.673888683319092,39.22614288330078,Series3_6.15.17_padel
OSM-S-122,-21.5582218170166,23.708913803100586,Series3_6.15.17_padel
OSM-S-121,-16.980226516723633,34.879493713378906,Series3_6.15.17_padel
OSM-S-127,-20.205970764160156,17.57301902770996,Series3_6.15.17_padel
OSM-S-107,-3.5351412296295166,15.321849822998047,Series3_6.15.17_padel
OSM-S-143,-16.41192054748535,23.113882064819336,Series3_6.15.17_padel
OSM-S-155,-10.811905860900879,36.205177307128906,Series3_6.15.17_padel
OSM-S-126,-21.776952743530273,23.178794860839844,Series3_6.15.17_padel
C09401123,-3.8174450397491455,-28.526226043701172,cp3a4_decoys_padel
C41478945,-15.211796760559082,15.488980293273926,cp3a4_decoys_padel
C41026398,-5.3642778396606445,-20.232879638671875,cp3a4_decoys_padel
C09446324,-0.9837369322776794,-20.014286041259766,cp3a4_decoys_padel
C13815073,-6.4769606590271,-27.72536277770996,cp3a4_decoys_padel
C27756319,17.030038833618164,-21.556753158569336,cp3a4_decoys_padel
C28405456,-9.6040620803833,-19.11310386657715,cp3a4_decoys_padel
C13149718,-15.078327178955078,-3.7976794242858887,cp3a4_decoys_padel
C02582108,-11.82545280456543,12.316941261291504,cp3a4_decoys_padel
C62779338,-2.4056296348571777,33.62959289550781,cp3a4_decoys_padel
C39292660,-8.17048168182373,29.739057540893555,cp3a4_decoys_padel
C40561057,10.118524551391602,-36.86769485473633,cp3a4_decoys_padel
C53020394,14.152835845947266,-0.8913248181343079,cp3a4_decoys_padel
C22196935,2.5392298698425293,-19.1742000579834,cp3a4_decoys_padel
C13643329,-14.723329544067383,14.304642677307129,cp3a4_decoys_padel
C13749874,-8.06575870513916,-27.26660919189453,cp3a4_decoys_padel
C00744624,22.8825626373291,-31.91389274597168,cp3a4_decoys_padel
C39480261,-25.105960845947266,8.095593452453613,cp3a4_decoys_padel
C46053957,-0.5027964115142822,-10.145034790039062,cp3a4_decoys_padel
C17423937,2.7082748413085938,40.6850471496582,cp3a4_decoys_padel
C39656028,13.618602752685547,-35.12340545654297,cp3a4_decoys_padel
C63229185,-10.944857597351074,13.89575481414795,cp3a4_decoys_padel
C20207700,-11.72266674041748,-29.45750617980957,cp3a4_decoys_padel
C33173635,-2.6856446266174316,-19.527320861816406,cp3a4_decoys_padel
C34896200,24.561201095581055,-31.276826858520508,cp3a4_decoys_padel
C59884781,-19.932214736938477,0.7997945547103882,cp3a4_decoys_padel
C32101978,12.685563087463379,-1.0489848852157593,cp3a4_decoys_padel
C37772238,17.506166458129883,20.034366607666016,cp3a4_decoys_padel
C39671546,16.982196807861328,-20.748382568359375,cp3a4_decoys_padel
C02284475,-13.907159805297852,12.011569023132324,cp3a4_decoys_padel
C08739200,17.788349151611328,-3.1233158111572266,cp3a4_decoys_padel
C35709944,-2.309749126434326,-30.02775001525879,cp3a4_decoys_padel
C32865459,-13.381722450256348,-11.104938507080078,cp3a4_decoys_padel
C34918823,19.00507164001465,-34.47607421875,cp3a4_decoys_padel
C39584190,-4.8576765060424805,26.26946449279785,cp3a4_decoys_padel
C21150153,1.0759356021881104,-15.350897789001465,cp3a4_decoys_padel
C38793157,-6.0264892578125,-11.968768119812012,cp3a4_decoys_padel
C39659445,18.50127410888672,-27.13193130493164,cp3a4_decoys_padel
C64450256,-6.122093677520752,-14.804983139038086,cp3a4_decoys_padel
C36555424,13.021711349487305,-32.85785675048828,cp3a4_decoys_padel
C13190819,7.893644332885742,-18.750017166137695,cp3a4_decoys_padel
C12534954,-12.343079566955566,-10.638487815856934,cp3a4_decoys_padel
C38597821,15.817490577697754,-25.471296310424805,cp3a4_decoys_padel
C39659047,20.357324600219727,-28.85689926147461,cp3a4_decoys_padel
C23556607,1.8931334018707275,-36.4122314453125,cp3a4_decoys_padel
C04293577,-12.061565399169922,-27.585899353027344,cp3a4_decoys_padel
C20139783,-18.32063865661621,8.020768165588379,cp3a4_decoys_padel
C40661922,-7.99897575378418,3.42492413520813,cp3a4_decoys_padel
C40812112,-13.649104118347168,-19.696247100830078,cp3a4_decoys_padel
C40027368,23.322681427001953,-36.016319274902344,cp3a4_decoys_padel
C03852670,27.819171905517578,-29.930458068847656,cp3a4_decoys_padel
C62046799,11.675256729125977,-20.011323928833008,cp3a4_decoys_padel
C13097672,8.036725044250488,-37.758209228515625,cp3a4_decoys_padel
C16964604,4.631565093994141,-22.22434425354004,cp3a4_decoys_padel
C06199025,-7.16341495513916,-28.011856079101562,cp3a4_decoys_padel
C39934709,-5.810322284698486,-14.276385307312012,cp3a4_decoys_padel
C39988965,-12.299485206604004,-29.0135440826416,cp3a4_decoys_padel
C33691691,25.539024353027344,-26.668670654296875,cp3a4_decoys_padel
C41054894,-10.904690742492676,11.845731735229492,cp3a4_decoys_padel
C44808650,11.389786720275879,36.30702209472656,cp3a4_decoys_padel
C63372592,9.801702499389648,-39.055931091308594,cp3a4_decoys_padel
C64541020,16.9295711517334,-19.824626922607422,cp3a4_decoys_padel
C48923831,-5.854917049407959,26.933561325073242,cp3a4_decoys_padel
C36647977,7.904416561126709,-32.5129508972168,cp3a4_decoys_padel
C09046340,-15.765069007873535,-14.522955894470215,cp3a4_decoys_padel
C59305826,4.4082770347595215,-16.152822494506836,cp3a4_decoys_padel
C38935852,9.094205856323242,-33.38285827636719,cp3a4_decoys_padel
C36316268,22.126049041748047,-30.642396926879883,cp3a4_decoys_padel
C55144147,10.164773941040039,26.79681396484375,cp3a4_decoys_padel
C39680933,10.694178581237793,-34.592506408691406,cp3a4_decoys_padel
C08764907,10.598525047302246,-25.256019592285156,cp3a4_decoys_padel
C56210530,8.843271255493164,-6.265181064605713,cp3a4_decoys_padel
C52545184,20.497961044311523,19.68450164794922,cp3a4_decoys_padel
C39851496,-9.629953384399414,-19.435636520385742,cp3a4_decoys_padel
C64302906,11.415183067321777,29.768234252929688,cp3a4_decoys_padel
C35657114,-12.056028366088867,-19.63292121887207,cp3a4_decoys_padel
C00877974,-1.6113358736038208,-13.546648025512695,cp3a4_decoys_padel
C35486920,-9.950424194335938,-23.53980827331543,cp3a4_decoys_padel
C38740817,-2.78459095954895,-27.18800163269043,cp3a4_decoys_padel
C20392950,7.76682710647583,-36.13524627685547,cp3a4_decoys_padel
C13267510,-9.150973320007324,-21.73163604736328,cp3a4_decoys_padel
C14651091,5.817838668823242,-19.62386703491211,cp3a4_decoys_padel
C00383176,-12.98337173461914,10.014681816101074,cp3a4_decoys_padel
C40387892,15.745782852172852,-19.848495483398438,cp3a4_decoys_padel
C05134512,4.264006614685059,40.38294982910156,cp3a4_decoys_padel
C35577239,-9.160598754882812,-16.891000747680664,cp3a4_decoys_padel
C39205038,12.013274192810059,-25.563371658325195,cp3a4_decoys_padel
C64411077,-4.126346588134766,-2.231830358505249,cp3a4_decoys_padel
C02816644,-24.4561824798584,9.479104042053223,cp3a4_decoys_padel
C39486996,25.156953811645508,-31.87749671936035,cp3a4_decoys_padel
C37130478,19.004276275634766,19.224626541137695,cp3a4_decoys_padel
C38598394,-12.283041954040527,0.07385250180959702,cp3a4_decoys_padel
C38904332,-13.165983200073242,-18.569347381591797,cp3a4_decoys_padel
C09381414,-14.057884216308594,-22.3145751953125,cp3a4_decoys_padel
C09012751,-5.709280490875244,1.4328279495239258,cp3a4_decoys_padel
C43157691,-0.7029362320899963,27.83869743347168,cp3a4_decoys_padel
C06300405,1.4743881225585938,-21.088476181030273,cp3a4_decoys_padel
C39217802,-23.227323532104492,1.605095386505127,cp3a4_decoys_padel
C16676190,-3.940140724182129,0.23695120215415955,cp3a4_decoys_padel
C03380746,-3.008528470993042,-24.727060317993164,cp3a4_decoys_padel
C63893108,-4.830631256103516,-12.836727142333984,cp3a4_decoys_padel
C24850074,-3.5595626831054688,-23.849445343017578,cp3a4_decoys_padel
C64848128,10.298195838928223,-12.92301082611084,cp3a4_decoys_padel
C35091174,10.128629684448242,-38.130516052246094,cp3a4_decoys_padel
C32127078,11.128067970275879,16.968427658081055,cp3a4_decoys_padel
C32284136,3.1215362548828125,-13.364775657653809,cp3a4_decoys_padel
C14158882,0.4098716974258423,-24.56707763671875,cp3a4_decoys_padel
C54164291,-13.160812377929688,-21.62609100341797,cp3a4_decoys_padel
C12833986,9.861647605895996,-24.106313705444336,cp3a4_decoys_padel
C35004555,22.52749252319336,-28.009998321533203,cp3a4_decoys_padel
C12541509,-18.184823989868164,-2.203798532485962,cp3a4_decoys_padel
C38818813,-9.670977592468262,13.117818832397461,cp3a4_decoys_padel
C13065491,14.309207916259766,-23.283605575561523,cp3a4_decoys_padel
C16532295,14.547171592712402,-22.399595260620117,cp3a4_decoys_padel
C44456698,4.974133014678955,-12.357291221618652,cp3a4_decoys_padel
C15881152,6.778509616851807,-14.307598114013672,cp3a4_decoys_padel
C09116722,-5.087391376495361,-18.717002868652344,cp3a4_decoys_padel
C03841891,8.51216983795166,-14.197881698608398,cp3a4_decoys_padel
C00393493,20.511837005615234,14.291211128234863,cp3a4_decoys_padel
C01681305,2.770447015762329,41.02471923828125,cp3a4_decoys_padel
C45094642,5.539488792419434,30.24308204650879,cxcr4_decoys_padel
C40151297,-11.922966957092285,-2.652541160583496,cxcr4_decoys_padel
C37769929,0.4624021351337433,22.834665298461914,cxcr4_decoys_padel
C40770332,18.53294563293457,17.222936630249023,cxcr4_decoys_padel
C37894331,14.687186241149902,17.093557357788086,cxcr4_decoys_padel
C39164080,15.267603874206543,-11.113051414489746,cxcr4_decoys_padel
C51905842,25.338706970214844,16.190589904785156,cxcr4_decoys_padel
C66565957,-1.9053986072540283,15.448847770690918,cxcr4_decoys_padel
C38779643,-5.575066566467285,-12.851349830627441,cxcr4_decoys_padel
C49589018,10.49693775177002,28.68213653564453,cxcr4_decoys_padel
C20024350,10.749418258666992,17.792625427246094,cxcr4_decoys_padel
C45290259,-11.638492584228516,-9.28641128540039,cxcr4_decoys_padel
C63354506,10.62596321105957,-26.629697799682617,cxcr4_decoys_padel
C49430295,11.157780647277832,28.646080017089844,cxcr4_decoys_padel
C43261272,11.08949089050293,26.674396514892578,cxcr4_decoys_padel
C39689732,21.466405868530273,-7.141465663909912,cxcr4_decoys_padel
C67250827,18.54171371459961,-6.765084266662598,cxcr4_decoys_padel
C15073701,22.337810516357422,-7.5910444259643555,cxcr4_decoys_padel
C56660875,6.76004695892334,24.76878547668457,cxcr4_decoys_padel
C31035800,16.58958625793457,-24.483016967773438,cxcr4_decoys_padel
C63547134,-6.35293436050415,-17.22745704650879,cxcr4_decoys_padel
C66938019,2.6186509132385254,24.469541549682617,cxcr4_decoys_padel
C63437610,-6.74511194229126,-16.256025314331055,cxcr4_decoys_padel
C12713432,16.133047103881836,-1.567366123199463,cxcr4_decoys_padel
C63962998,-1.2584311962127686,3.522278308868408,cxcr4_decoys_padel
C06667953,5.0475687980651855,30.63241195678711,cxcr4_decoys_padel
C13733146,7.0226240158081055,17.061986923217773,cxcr4_decoys_padel
C44517532,15.8797607421875,16.788803100585938,cxcr4_decoys_padel
C52197461,17.746580123901367,17.630109786987305,cxcr4_decoys_padel
C43390643,7.153135776519775,15.692007064819336,cxcr4_decoys_padel
C19113044,16.735397338867188,-6.163942337036133,cxcr4_decoys_padel
C39628419,21.124300003051758,-7.970633506774902,cxcr4_decoys_padel
C39664736,20.17523956298828,-30.071857452392578,cxcr4_decoys_padel
C39626429,22.1998233795166,-6.2692790031433105,cxcr4_decoys_padel
C01273571,16.62592315673828,-10.866243362426758,cxcr4_decoys_padel
C16590081,-4.64666223526001,-20.908279418945312,cxcr4_decoys_padel
C09641127,-0.49187949299812317,-1.2531031370162964,cxcr4_decoys_padel
C02823430,16.846847534179688,18.849008560180664,cxcr4_decoys_padel
C63491511,-3.2655813694000244,2.0125186443328857,cxcr4_decoys_padel
C39938324,-0.2169971764087677,-1.942501425743103,cxcr4_decoys_padel
C25331844,-2.8493008613586426,-15.112738609313965,cxcr4_decoys_padel
C35015692,13.698486328125,22.001344680786133,cxcr4_decoys_padel
C44464910,-13.147205352783203,5.471368789672852,cxcr4_decoys_padel
C65305831,14.294215202331543,-6.583965301513672,cxcr4_decoys_padel
C63832891,0.726068913936615,3.246392011642456,cxcr4_decoys_padel
C43347888,8.611209869384766,19.714052200317383,cxcr4_decoys_padel
C11873975,13.290777206420898,-20.968246459960938,cxcr4_decoys_padel
C43277755,15.021775245666504,-11.810015678405762,cxcr4_decoys_padel
C08636232,19.18525505065918,-7.651488780975342,cxcr4_decoys_padel
C64120520,1.239222526550293,-2.0161702632904053,cxcr4_decoys_padel
C40770246,21.994096755981445,16.136343002319336,cxcr4_decoys_padel
C66243776,20.860382080078125,12.593742370605469,cxcr4_decoys_padel
C51609263,10.20991039276123,29.881418228149414,cxcr4_decoys_padel
C62741101,11.617538452148438,31.25291633605957,cxcr4_decoys_padel
C64197151,-4.652658462524414,5.451548099517822,cxcr4_decoys_padel
C04848754,-15.794805526733398,-11.502957344055176,cxcr4_decoys_padel
C43093505,16.374610900878906,17.529020309448242,cxcr4_decoys_padel
C43411401,20.104087829589844,20.732255935668945,cxcr4_decoys_padel
C39934652,-1.0970232486724854,-9.743571281433105,cxcr4_decoys_padel
C63856125,2.421729564666748,-0.2497326284646988,cxcr4_decoys_padel
C33750351,-14.996724128723145,-19.067140579223633,cxcr4_decoys_padel
C64705044,-5.500479698181152,-9.341269493103027,cxcr4_decoys_padel
C48468105,2.0255002975463867,4.8504462242126465,cxcr4_decoys_padel
C66535174,14.79217529296875,-0.7690776586532593,cxcr4_decoys_padel
C43263177,6.6210737228393555,20.700773239135742,cxcr4_decoys_padel
C63775675,13.540796279907227,-11.259411811828613,cxcr4_decoys_padel
C60358895,22.145612716674805,15.01814079284668,cxcr4_decoys_padel
C52477792,23.139137268066406,16.81425666809082,cxcr4_decoys_padel
C11601182,9.567994117736816,16.649736404418945,cxcr4_decoys_padel
C48498942,-3.580711603164673,28.640907287597656,cxcr4_decoys_padel
C37859473,21.7075252532959,18.357223510742188,cxcr4_decoys_padel
C25667243,10.123079299926758,0.4807378947734833,cxcr4_decoys_padel
C20616161,11.969430923461914,-27.192176818847656,cxcr4_decoys_padel
C63744007,-3.841601848602295,5.027804851531982,cxcr4_decoys_padel
C24598202,7.932627201080322,23.43511962890625,cxcr4_decoys_padel
C62188099,20.256500244140625,15.540863990783691,cxcr4_decoys_padel
C52595189,-6.073136806488037,-11.084228515625,cxcr4_decoys_padel
C32076687,18.723474502563477,14.6796875,cxcr4_decoys_padel
C19323209,26.32151222229004,-28.373891830444336,cxcr4_decoys_padel
C17354606,14.341837882995605,-31.616281509399414,cxcr4_decoys_padel
C44467019,8.842411041259766,-6.993780612945557,cxcr4_decoys_padel
C63699644,-3.0992093086242676,-3.6392006874084473,cxcr4_decoys_padel
C40151159,-10.687816619873047,-2.846019983291626,cxcr4_decoys_padel
C63598669,-17.80972671508789,18.141080856323242,cxcr4_decoys_padel
C31958745,-0.962171733379364,0.1681852638721466,cxcr4_decoys_padel
C39205092,-3.442880153656006,17.17587661743164,cxcr4_decoys_padel
C37370371,22.82354164123535,17.813617706298828,cxcr4_decoys_padel
C64392376,0.9446365833282471,4.898626804351807,cxcr4_decoys_padel
C42877983,-0.7736424207687378,17.2135066986084,cxcr4_decoys_padel
C42744793,20.848825454711914,16.688085556030273,cxcr4_decoys_padel
C22384881,15.386171340942383,-12.589569091796875,cxcr4_decoys_padel
C63426868,-5.2091803550720215,-3.181943655014038,cxcr4_decoys_padel
C39634784,23.153898239135742,-29.717491149902344,cxcr4_decoys_padel
C63108208,16.10965919494629,-11.660565376281738,cxcr4_decoys_padel
C51213386,23.175416946411133,16.14096450805664,cxcr4_decoys_padel
C37552511,7.0359320640563965,29.627641677856445,cxcr4_decoys_padel
C63297494,-4.383459091186523,-5.218809127807617,cxcr4_decoys_padel
C64610809,-5.303300380706787,-16.537193298339844,cxcr4_decoys_padel
C44731554,5.455343723297119,20.547542572021484,cxcr4_decoys_padel
C40151256,-10.211709976196289,-3.233726739883423,cxcr4_decoys_padel
C52545597,-2.3226077556610107,16.247303009033203,cxcr4_decoys_padel
C36908615,23.063560485839844,19.004281997680664,cxcr4_decoys_padel
C11614665,-9.95687198638916,-17.676429748535156,cxcr4_decoys_padel
C06292592,9.492863655090332,-12.212259292602539,cxcr4_decoys_padel
C64181990,-2.707934617996216,2.4789113998413086,cxcr4_decoys_padel
C32086240,21.59484100341797,13.594700813293457,cxcr4_decoys_padel
C32089087,14.436245918273926,21.64059066772461,cxcr4_decoys_padel
C52791254,1.656838059425354,25.642810821533203,cxcr4_decoys_padel
C53272542,18.790430068969727,12.910016059875488,cxcr4_decoys_padel
C47490170,6.412918567657471,1.8373764753341675,cxcr4_decoys_padel
C43258876,15.999252319335938,20.290307998657227,cxcr4_decoys_padel
C42953662,18.47370719909668,18.413339614868164,cxcr4_decoys_padel
C62037584,21.95982551574707,19.155967712402344,cxcr4_decoys_padel
C35047440,1.05580472946167,23.0715274810791,cxcr4_decoys_padel
C48149415,2.6891140937805176,5.644528865814209,cxcr4_decoys_padel
C12478585,21.71708869934082,12.161291122436523,cxcr4_decoys_padel
C64176303,1.847621202468872,-3.1474297046661377,cxcr4_decoys_padel
C63221925,-0.9797859787940979,0.8623993992805481,cxcr4_decoys_padel
C43706972,7.079714775085449,31.1046199798584,cxcr4_decoys_padel
C14994090,13.707544326782227,-21.627967834472656,cxcr4_decoys_padel
